FLH_1,FLH_2,FRH_1,FRH_2,RLH_1,RLH_2,RRH_1,RRH_2,FLK_1,FLK_2,FRK_1,FRK_2,RLK_1,RLK_2,RRK_1,RRK_2,FLA_1,FLA_2,FRA_1,FRA_2,RLA_1,RLA_2,RRA_1,RRA_2,FL_Touch,FR_Touch,RL_Touch,RR_Touch
0.0,0.0,0.0,0.0,0.0,0.0,0.0,0.0,0.0,0.0,0.0,0.0,0.0,0.0,0.0,0.0,0.0,0.0,0.0,0.0,0.0,0.0,0.0,0.0,1.0,1.0,1.0,1.0
0.0,0.0,0.0,0.0,0.0,0.0,0.0,0.0,0.0,0.0,0.0,0.0,0.0,0.0,0.0,0.0,0.0,0.0,0.0,0.0,0.0,0.0,0.0,0.0,1.0,1.0,1.0,1.0
0.0,0.0020465482269376167,0.0,0.0,0.0,0.0,0.0,0.0,0.0,0.009199246639483682,0.0,0.0,0.0,0.0,0.0,0.0,0.0,-0.027304040813752373,0.0,0.0,0.0,0.0,0.0,0.0,1.0,1.0,1.0,1.0
0.0,0.005201810021428166,0.0,0.0,0.0,0.0,0.0,0.0,0.0,0.02288838211003874,0.0,0.0,0.0,0.0,0.0,0.0,0.0,-0.06492605621476955,0.0,0.0,0.0,0.0,0.0,0.0,1.0,1.0,1.0,1.0
0.0,0.008955026115499365,0.0,0.0,0.0,0.0,0.0,0.0,0.0,0.038543943198130926,0.0,0.0,0.0,0.0,0.0,0.0,0.0,-0.10709325973474737,0.0,0.0,0.0,0.0,0.0,0.0,1.0,1.0,1.0,1.0
0.0,0.013010518871426235,0.0,0.0,0.0,0.0,0.0,0.0,0.0,0.05482033655308083,0.0,0.0,0.0,0.0,0.0,0.0,0.0,-0.1506480072848122,0.0,0.0,0.0,0.0,0.0,0.0,1.0,1.0,1.0,1.0
0.0,0.017202952215058964,0.0,0.0,0.0,0.0,0.0,0.0,0.0,0.07105137597284505,0.0,0.0,0.0,0.0,0.0,0.0,0.0,-0.19403148021488237,0.0,0.0,0.0,0.0,0.0,0.0,1.0,1.0,1.0,1.0
0.0,0.021447572134748683,0.0,0.0,0.0,0.0,0.0,0.0,0.0,0.08695114392691261,0.0,0.0,0.0,0.0,0.0,0.0,0.0,-0.23659215658668176,0.0,0.0,0.0,0.0,0.0,0.0,0.0,1.0,1.0,1.0
0.0,0.025705798096554933,0.0,0.0,0.0,0.0,0.0,0.0,0.0,0.10242850968816519,0.0,0.0,0.0,0.0,0.0,0.0,0.0,-0.27813627451792833,0.0,0.0,0.0,0.0,0.0,0.0,0.0,1.0,1.0,1.0
0.0,0.02996267179753831,0.0,0.0,0.0,0.0,0.0,0.0,0.0,0.11747994673410878,0.0,0.0,0.0,0.0,0.0,0.0,0.0,-0.3186681398401263,0.0,0.0,0.0,0.0,0.0,0.0,0.0,1.0,1.0,1.0
0.0,0.03421385809620281,0.0,0.0,0.0,0.0,0.0,0.0,0.0,0.13213434977699512,0.0,0.0,0.0,0.0,0.0,0.0,0.0,-0.3582602302338138,0.0,0.0,0.0,0.0,0.0,0.0,0.0,1.0,1.0,1.0
0.0,0.031770921696514076,0.0,0.0,0.0,0.0,0.0,0.0,0.0,0.14318548114907825,0.0,0.0,0.0,0.0,0.0,0.0,0.0,-0.3576740453712599,0.0,0.0,0.0,0.0,0.0,0.0,0.0,1.0,1.0,1.0
0.0,0.025209551002909336,0.0,0.0,0.0,0.0,0.0,0.0,0.0,0.15782636746645018,0.0,0.0,0.0,0.0,0.0,0.0,0.0,-0.35714536602263314,0.0,0.0,0.0,0.0,0.0,0.0,0.0,1.0,1.0,1.0
0.0,0.015438001164726156,0.0,0.0,0.0,0.0,0.0,0.0,0.0,0.17756466647548041,0.0,0.0,0.0,0.0,0.0,0.0,0.0,-0.3590325995697121,0.0,0.0,0.0,0.0,0.0,0.0,0.0,1.0,1.0,1.0
0.0,0.0023412928059074467,0.0,0.0,0.0,0.0,0.0,0.0,0.0,0.20218529360104132,0.0,0.0,0.0,0.0,0.0,0.0,0.0,-0.3605897691656077,0.0,0.0,0.0,0.0,0.0,0.0,0.0,1.0,1.0,1.0
0.0,-0.014071497367786012,0.0,0.0,0.0,0.0,0.0,0.0,0.0,0.23170361068854373,0.0,0.0,0.0,0.0,0.0,0.0,0.0,-0.36217137731267446,0.0,0.0,0.0,0.0,0.0,0.0,0.0,1.0,1.0,1.0
0.0,-0.033808980489974605,0.0,0.0,0.0,0.0,0.0,0.0,0.0,0.26606822715243794,0.0,0.0,0.0,0.0,0.0,0.0,0.0,-0.36369298374057113,0.0,0.0,0.0,0.0,0.0,0.0,0.0,1.0,1.0,1.0
0.0,-0.05685935646636864,0.0,0.0,0.0,0.0,0.0,0.0,0.0,0.30517157604052425,0.0,0.0,0.0,0.0,0.0,0.0,0.0,-0.3651188233105582,0.0,0.0,0.0,0.0,0.0,0.0,0.0,1.0,1.0,1.0
0.0,-0.08317677317265781,0.0,0.0,0.0,0.0,0.0,0.0,0.0,0.34881840840282274,0.0,0.0,0.0,0.0,0.0,0.0,0.0,-0.3663952660548744,0.0,0.0,0.0,0.0,0.0,0.0,0.0,1.0,1.0,1.0
0.0,-0.11266468381578942,0.0,0.0,0.0,0.0,0.0,0.0,0.0,0.3967040363440213,0.0,0.0,0.0,0.0,0.0,0.0,0.0,-0.3674635676969329,0.0,0.0,0.0,0.0,0.0,0.0,0.0,1.0,1.0,1.0
0.0,-0.14516204727269688,0.0,0.0,0.0,0.0,0.0,0.0,0.0,0.4483998701609391,0.0,0.0,0.0,0.0,0.0,0.0,0.0,-0.36826432075887583,0.0,0.0,0.0,0.0,0.0,0.0,0.0,1.0,1.0,1.0
0.0,-0.18043410866890053,0.0,0.0,0.0,0.0,0.0,0.0,0.0,0.5033516271797738,0.0,0.0,0.0,0.0,0.0,0.0,0.0,-0.36874554602149656,0.0,0.0,0.0,0.0,0.0,0.0,0.0,1.0,1.0,1.0
0.0,-0.22167415262330792,0.0,0.0008040836580121002,0.0,0.0,0.0,0.00045083759753472563,0.0,0.5266735341258926,0.0,0.0038028645442635955,0.0,0.0,0.0,0.015492524186865975,0.0,-0.3311477133905769,0.0,0.015928316625261285,0.0,0.0,0.0,-0.04692395002329386,0.0,1.0,1.0,1.0
0.0,-0.25215736181410886,0.0,0.0019340002694132608,0.0,0.0,0.0,0.0012815189623291978,0.0,0.5409966670400617,0.0,0.009279064578810114,0.0,0.0,0.0,0.034671747190268665,0.0,-0.33290577412223366,0.0,0.028363785543022324,0.0,0.0,0.0,-0.10674635511747566,0.0,1.0,1.0,1.0
0.0,-0.2747255297260036,0.0,0.0031807805181403026,0.0,0.0,0.0,0.0024033161238423695,0.0,0.5454832126577078,0.0,0.015461881114698706,0.0,0.0,0.0,0.05393114668015597,0.0,-0.3309842281046169,0.0,0.039337490603029046,0.0,0.0,0.0,-0.1683608234395435,0.0,1.0,1.0,1.0
0.0,-0.28929173401754404,0.0,0.004448309495125979,0.0,0.0,0.0,0.0037464617181131032,0.0,0.5381649798898391,0.0,0.02189347957170451,0.0,0.0,0.0,0.07234942308285097,0.0,-0.3271814133394564,0.0,0.04982713850895326,0.0,0.0,0.0,-0.22880868316183012,0.0,1.0,1.0,1.0
0.0,-0.2975920733456392,0.0,0.005690890700492446,0.0,0.0,0.0,0.005269647498176155,0.0,0.5293629616116315,0.0,0.028350298164109944,0.0,0.0,0.0,0.08980715059093303,0.0,-0.3319634927925623,0.0,0.06031135558527012,0.0,0.0,0.0,-0.287684070035092,0.0,1.0,1.0,1.0
0.0,-0.30239570418445316,0.0,0.00688623487342177,0.0,0.0,0.0,0.0069469818983640685,0.0,0.5132974267570187,0.0,0.03471988375352897,0.0,0.0,0.0,0.10635875823176599,0.0,-0.3269497010767859,0.0,0.07102884008010113,0.0,0.0,0.0,-0.3451443171334039,0.0,1.0,1.0,0.0
0.0,-0.3085268217807551,0.0,0.00802321546964846,0.0,0.0,0.0,0.004071895025350436,0.0,0.4920547731871361,0.0,0.04094350171118455,0.0,0.0,0.0,0.12377213143458565,0.0,-0.30029441879576346,0.0,0.08210147553388403,0.0,0.0,0.0,-0.363604136728672,0.0,1.0,1.0,0.0
0.0,-0.31481935416831774,0.0,0.009096160325730462,0.0,0.0,0.0,-0.004299305202269288,0.0,0.4693677918535464,0.0,0.04698873664863745,0.0,0.0,0.0,0.1470757006446468,0.0,-0.2715265433878198,0.0,0.09359365047067802,0.0,0.0,0.0,-0.36399821938130694,0.0,1.0,1.0,0.0
0.0,-0.3209772464310747,0.0,0.01010214335873938,0.0,0.0,0.0,-0.016467971673706394,0.0,0.44622067478053307,0.0,0.05283617971660748,0.0,0.0,0.0,0.17696190616587026,0.0,-0.24158696848788175,0.0,0.10554120058009131,0.0,0.0,0.0,-0.36678338944865185,0.0,1.0,1.0,0.0
0.0,-0.3269262976780416,0.0,0.011039685995405168,0.0,0.0,0.0,-0.031640507331154755,0.0,0.42287433870748803,0.0,0.05847286503950011,0.0,0.0,0.0,0.21168374076315022,0.0,-0.2107570648798669,0.0,0.11796569458001427,0.0,0.0,0.0,-0.36861514933869666,0.0,1.0,1.0,0.0
0.0,-0.33264953259847685,0.0,0.011908132506583957,0.0,0.0,0.0,-0.04905558077899963,0.0,0.3993929306838,0.0,0.06388898839608492,0.0,0.0,0.0,0.24989007333900082,0.0,-0.17912378396229212,0.0,0.13088156500163572,0.0,0.0,0.0,-0.36985710952687123,0.0,1.0,1.0,0.0
0.0,-0.3381446616867314,0.0,0.012707352265628913,0.0,0.0,0.0,-0.06804454992192754,0.0,0.3757839443325883,0.0,0.06907624206266538,0.0,0.0,0.0,0.29035929245105807,0.0,-0.1467124476707049,0.0,0.14429970668570613,0.0,0.0,0.0,-0.37054610036799485,0.0,1.0,1.0,0.0
0.0,-0.34341260248676253,0.0,0.013437603033032097,0.0,0.0,0.0,-0.0880240308213458,0.0,0.35203711632830137,0.0,0.07402695428241657,0.0,0.0,0.0,0.3320492814542768,0.0,-0.11352795975469476,0.0,0.15822931197260592,0.0,0.0,0.0,-0.370776358502666,0.0,1.0,1.0,0.0
0.0,-0.34845419523645216,0.0,0.014099475096114311,0.0,0.0,0.0,-0.10850451504351932,0.0,0.3281357409604664,0.0,0.07873363338259587,0.0,0.0,0.0,0.37411850294342,0.0,-0.0795682039411707,0.0,0.17267881532547014,0.0,0.0,0.0,-0.37065458766583514,0.0,1.0,1.0,0.0
0.0,-0.35326916981678913,0.0,0.014693877209120743,0.0,0.0,0.0,-0.12909691721284045,0.0,0.30406012497786694,0.0,0.08318871723106547,0.0,0.0,0.0,0.41593537634973066,0.0,-0.044828675001171714,0.0,0.18765638218078706,0.0,0.0,0.0,-0.3702903216358555,0.0,1.0,1.0,0.0
0.0,-0.3578557506703959,0.0,0.015222045229796866,0.0,0.0,0.0,-0.1495128970124613,0.0,0.27978870159080627,0.0,0.08738442766720267,0.0,0.0,0.0,0.4570683159392468,0.0,-0.009304296694570446,0.0,0.20317016057853587,0.0,0.0,0.0,-0.3697828101887608,0.0,1.0,1.0,0.0
0.0,-0.362210440738413,0.0,0.015685564140461405,0.0,0.0,0.0,-0.16955739927606306,0.0,0.2552984210390661,0.0,0.09131267885641137,0.0,0.0,0.0,0.4972590507474237,0.0,0.027009646995703296,0.0,0.2192284062135066,0.0,0.0,0.0,-0.36921208294344066,1.0,1.0,1.0,0.0
0.0,-0.36632784707815436,0.0,0.01608639900810971,0.0,0.0,0.0,-0.189114756753896,0.0,0.23056491629008358,0.0,0.09496501336559682,0.0,0.0,0.0,0.5363858950390012,0.0,0.06411681651928935,0.0,0.23583953708856287,0.0,0.0,0.0,-0.3686353372126101,1.0,1.0,1.0,0.0
0.0,-0.3702005046332566,0.0,0.016426932893886637,0.0,0.0,0.0,-0.1991460519242252,0.0,0.20556260815822425,0.0,0.09833255242539751,0.0,0.0,0.0,0.5336300707686283,0.0,0.10201912090335741,0.0,0.25301214610854794,0.0,0.0,0.0,-0.33627873095816296,1.0,1.0,1.0,0.0
0.0,-0.37381868356034254,0.0,0.016710010987042168,0.0,0.0,0.0,-0.1975563228703323,0.0,0.1802648108206646,0.0,0.10140595339469671,0.0,0.0,0.0,0.5220090465444063,0.0,0.1407159227048198,0.0,0.27075498548594057,0.0,0.0,0.0,-0.3390345552285363,1.0,1.0,1.0,0.0
0.0,-0.3750803981809794,0.0,0.017785153225872374,0.0,5.42418521582988e-05,0.0,-0.20866464456370393,0.0,0.16988081632089225,0.0,0.11141192686527335,0.0,0.006283977162455212,0.0,0.5347070972916708,0.0,0.18492582472964703,0.0,0.22907604295337958,0.0,0.03271073652575929,0.0,-0.3506555794527584,1.0,1.0,1.0,0.0
0.0,-0.37535865742781915,0.0,0.019616145586445644,0.0,4.581537607784014e-05,0.0,-0.2249565010955057,0.0,0.16726908521644157,0.0,0.12582548626691636,0.0,0.013814766363194675,0.0,0.5398906321301009,0.0,0.2138986180416813,0.0,0.17620795478256435,0.0,0.06178188702626741,0.0,-0.3379575287054939,1.0,1.0,1.0,0.0
0.0,-0.3751932372254325,0.0,0.022114797624345872,0.0,-3.8093084054668935e-05,0.0,-0.23795621787198495,0.0,0.16900362102392252,0.0,0.14262989195967846,0.0,0.021360823050423416,0.0,0.5327016143117107,0.0,0.2341385268193994,0.0,0.11660990358152468,0.0,0.09064957042950317,0.0,-0.3288771158039965,1.0,1.0,1.0,0.0
0.0,-0.3748260516605866,0.0,0.025122978937833995,0.0,-0.00019500625122059745,0.0,-0.24434298060027704,0.0,0.173252846764977,0.0,0.16024484807079808,0.0,0.028574821279410578,0.0,0.5107377601555108,0.0,0.24931374768317083,0.0,0.054012173183022316,0.0,0.12027193177054318,0.0,-0.3207152335143735,1.0,1.0,1.0,0.0
0.0,-0.37437594219625536,0.0,0.02844618013048139,0.0,-0.00041923625929118913,0.0,-0.24747593365381748,0.0,0.17896928059003692,0.0,0.17753815864311884,0.0,0.03533829160362245,0.0,0.48465600493238625,0.0,0.26157050062593745,0.0,-0.008789593316675948,0.0,0.15094672623226568,0.0,-0.307748647007009,1.0,1.0,1.0,0.0
0.0,-0.3739052428503631,0.0,0.03190072851933934,0.0,-0.0007032953203687242,0.0,-0.2504061946682694,0.0,0.18552699283567708,0.0,0.1938147415209528,0.0,0.04159541714128956,0.0,0.45752401921315444,0.0,0.27220242220093116,0.0,-0.0700363365757628,0.0,0.1827855337256219,0.0,-0.2840006384420297,1.0,0.0,1.0,0.0
0.0,-0.3734481826455194,0.0,0.0353458107030975,0.0,-0.0010376774182079274,0.0,-0.2530305136362938,0.0,0.19254051113075477,0.0,0.20874480182662003,0.0,0.04730752805001126,0.0,0.43020777854817505,0.0,0.28200673820474487,0.0,-0.12888781113514058,0.0,0.21584360604866415,0.0,-0.25907811615643794,1.0,0.0,1.0,0.0
0.0,-0.3730241226972777,0.0,0.03869079321907565,0.0,-0.0014104228028366528,0.0,-0.25534891719693054,0.0,0.19976703960019115,0.0,0.2222498810955016,0.0,0.052439824887292374,0.0,0.40276144403872394,0.0,0.29148308913251997,0.0,-0.18514807403326605,0.0,0.2501568262946807,0.0,-0.2329235149910338,1.0,0.0,1.0,0.0
0.0,-0.3726441672834713,0.0,0.04188497622630427,0.0,-0.00180666070804536,0.0,-0.25736743293346365,0.0,0.20705069906786555,0.0,0.23438794908140403,0.0,0.056957284672746855,0.0,0.37517966929926105,0.0,0.3009489422030409,0.0,-0.23896939542432616,0.0,0.28575208159947696,0.0,-0.20553967863130307,1.0,0.0,1.0,0.0
0.0,-0.37231464490899446,0.0,0.04490189576821191,0.0,-0.0022081393108450698,0.0,-0.259091687512619,0.0,0.21428949899121497,0.0,0.24526766207218165,0.0,0.06082337254627612,0.0,0.3474505442103273,0.0,0.31060856659871794,0.0,-0.2906312199462575,0.0,0.3226494431465623,0.0,-0.17693039576966862,1.0,0.0,1.0,0.0
0.0,-0.372039012445168,0.0,0.04772636987468415,0.0,-0.002592736515607541,0.0,-0.2605263088439944,0.0,0.22141525134220208,0.0,0.2549993055826092,0.0,0.06399970983251668,0.0,0.31955969198632506,0.0,0.3205951325947085,0.0,-0.3404176911523451,0.0,0.3608614955898153,0.0,-0.14709861869078855,1.0,0.0,1.0,0.0
0.0,-0.3718189223115842,0.0,0.043213718963472925,0.0,-0.0029339547426450174,0.0,-0.26167474096643195,0.0,0.2283811267211342,0.0,0.26127315483750335,0.0,0.06644615201738313,0.0,0.29149060999379506,0.0,0.3309967971957146,0.0,-0.35082704874254844,0.0,0.40039142157094787,0.0,-0.11604672640302827,1.0,0.0,1.0,0.0
0.0,-0.3716548268375677,0.0,0.03125283144226865,0.0,-0.0032004151438562722,0.0,-0.26253909496013916,0.0,0.235153840799462,0.0,0.2698837768417177,0.0,0.06812112740635934,0.0,0.2632246926836337,0.0,0.3418730448178122,0.0,-0.3457155848818756,0.0,0.44123033307727955,0.0,-0.08377681208244514,1.0,0.0,1.0,0.0
0.0,-0.37154631840745544,0.0,0.014970177442211963,0.0,-0.0033553798506136268,0.0,-0.2631200037658159,0.0,0.24170869750729507,0.0,0.2851553350606335,0.0,0.06898221623391354,0.0,0.23474122966236077,0.0,0.35326500608260236,0.0,-0.34805475461772506,0.0,0.48335400982224597,0.0,-0.05029101448766449,1.0,0.0,1.0,0.0
0.0,-0.3714923148950895,0.0,-0.005895526388723482,0.0,-0.0029915147353278826,0.0,-0.26341647519185196,0.0,0.24802641770310263,0.0,0.3063466649011479,0.0,0.06940914376651763,0.0,0.20601740988035644,0.0,0.3652020127295672,0.0,-0.3493914764084445,0.0,0.5228079829504089,0.0,-0.015591931551877547,1.0,0.0,1.0,0.0
0.0,-0.3714911524757474,0.0,-0.03121605426034524,0.0,0.0023958424765817554,0.0,-0.2634257400111921,0.0,0.2540910944944823,0.0,0.33338935834048167,0.0,0.07437720698213468,0.0,0.17702834009881174,0.0,0.37770577884506373,0.0,-0.3507880159665775,0.0,0.5132433551707725,0.0,0.020316852772615857,1.0,0.0,1.0,1.0
0.0,-0.37154062169253876,0.0,-0.060934331515417384,0.0,0.009261776160922608,0.0,-0.26314309285149085,0.0,0.2598888647699473,0.0,0.36610047211896957,0.0,0.07648715177291043,0.0,0.14774708538925685,0.0,0.39079307362097815,0.0,-0.35205868692228126,0.0,0.5146228971231825,0.0,0.05743009502437513,1.0,0.0,1.0,1.0
0.0,-0.3716379677375654,0.0,-0.09497556485642367,0.0,0.01746403627683213,0.0,-0.26256172444917913,0.0,0.26540703883892114,0.0,0.40424372855799096,0.0,0.07679523371055419,0.0,0.11814474177609258,0.0,0.404477428352791,0.0,-0.3531678734968806,0.0,0.5150884335447463,0.0,0.09574003405691389,1.0,0.0,1.0,1.0
0.0,-0.37177986723567313,0.0,-0.13323202209564755,0.0,0.02670210834998432,0.0,-0.2616725450505286,0.0,0.27063352474565905,0.0,0.44748300040230937,0.0,0.07564538079368877,0.0,0.0881905543175745,0.0,0.41877022001354725,0.0,-0.35404866500396004,0.0,0.5155105564420119,0.0,0.1352353051046724,1.0,0.0,1.0,1.0
0.0,-0.3719623887007444,0.0,-0.17554041517563235,0.0,0.036754641097475726,0.0,-0.2604640004701744,0.0,0.2755564432408568,0.0,0.4953579382343314,0.0,0.07333348015162056,0.0,0.057852097717324025,0.0,0.43368134815990533,0.0,-0.3546323951509027,0.0,0.515858143492876,0.0,0.17589957856152294,1.0,0.0,1.0,1.0
0.0,-0.3721809407865644,0.0,-0.21658552483971327,0.0,0.036147651032841566,0.0,-0.2601079393001462,0.0,0.28016386698716333,0.0,0.5204161239626282,0.0,0.07643192496795592,0.0,0.052483328530781304,0.0,0.44921964265917413,0.0,-0.33307892646308135,0.0,0.5101524074354522,0.0,0.2382782990237584,1.0,0.0,1.0,1.0
0.0,-0.37243021063452186,0.0,-0.24771623138694876,0.0,0.033225265003697935,0.0,-0.2603603635249865,0.0,0.2844436415285929,0.0,0.5354514967817079,0.0,0.09332609891877475,0.0,0.055472960328549537,0.0,0.46539308937422064,0.0,-0.3329705166707093,0.0,0.4523521625267284,0.0,0.2790340145379493,1.0,0.0,1.0,1.0
0.0,-0.37270409354291356,0.0,-0.27082110312223007,0.0,0.02972687190679224,0.0,-0.26096713400895144,0.0,0.2883832609279007,0.0,0.540673364302569,0.0,0.118230002274049,0.0,0.06155639210794783,0.0,0.48220892876175103,0.0,-0.33118284618444527,0.0,0.3697127618839984,0.0,0.3118090735482091,1.0,0.0,1.0,1.0
0.0,-0.3729956145646778,0.0,-0.2867401566962333,0.0,0.02681538982422582,0.0,-0.26178456314133447,0.0,0.29196978092668235,0.0,0.5376689229529363,0.0,0.14647749990115022,0.0,0.06870298380210071,0.0,0.4996736616412947,0.0,-0.33014235547522963,0.0,0.27182573214827466,0.0,0.3419593219013457,1.0,0.0,1.0,1.0
0.0,-0.3732968423181302,0.0,-0.2964694603663154,0.0,0.025011161939714643,0.0,-0.2627333369140339,0.0,0.2951897589943928,0.0,0.5277426688390578,0.0,0.17439738818653572,0.0,0.07604238742281888,0.0,0.5177929829930537,0.0,-0.32941029261490495,0.0,0.1680792108863085,0.0,0.37173409366662735,1.0,0.0,1.0,1.0
0.0,-0.36998024566827903,0.0,-0.3011750245575602,0.0,0.02431091457749135,0.0,-0.2637656385691609,0.0,0.3008994781944163,0.0,0.5120178215434152,0.0,0.19967927524236861,0.0,0.08316893189379426,0.0,0.5145724597484245,0.0,-0.32786509389840246,0.0,0.06570935948267653,0.0,0.40213054892570277,1.0,0.0,0.0,1.0
0.0,-0.36536317770169413,0.0,-0.30728553381407986,0.0,0.024454582908593814,0.0,-0.26484765365769425,0.0,0.30609296185779966,0.0,0.49087067925666705,0.0,0.22143584704232655,0.0,0.089874540977255,0.0,0.5137882239683309,0.0,-0.30129165453290474,0.0,-0.03165195646881003,0.0,0.4336117046861099,1.0,0.0,0.0,1.0
0.0,-0.3599498326548569,0.0,-0.3135773168049423,0.0,0.02515527225523595,0.0,-0.2659505532042199,0.0,0.3103028370251897,0.0,0.46821622728355816,0.0,0.2397415976609607,0.0,0.09603822114738936,0.0,0.5139755553840719,0.0,-0.27254740964837776,0.0,-0.12342541154836573,0.0,0.4664009270050524,1.0,0.0,0.0,1.0
0.0,-0.3537776699899391,0.0,-0.3197398512467826,0.0,0.02619174255446932,0.0,-0.26704571362340834,0.0,0.3136175604657452,0.0,0.4450854079055988,0.0,0.2550282805725357,0.0,0.10157819812893276,0.0,0.5141118894928254,0.0,-0.24261487144179972,0.0,-0.21045174884738893,0.0,0.5006070771512539,1.0,0.0,0.0,1.0
0.0,-0.34690030214559275,0.0,-0.3256952847009025,0.0,0.0274057968005188,0.0,-0.266127195254231,0.0,0.3160969664404085,0.0,0.42175135666602515,0.0,0.2677125495700645,0.0,0.10861601202363724,0.0,0.5142420017792895,0.0,-0.21178688945593516,0.0,-0.2937636405329336,0.0,0.5156424433344173,1.0,0.0,0.0,1.0
0.0,-0.33936702582179024,0.0,-0.3314256992445457,0.0,0.026528638015190786,0.0,-0.26228166708063316,0.0,0.3177968916809748,0.0,0.3982815561326918,0.0,0.27903595600518116,0.0,0.11676504352565864,0.0,0.5143655740339304,0.0,-0.18015390657539054,0.0,-0.35951209804865414,0.0,0.5116042159226795,1.0,0.0,0.0,1.0
0.0,-0.33122365092265404,0.0,-0.33692856763199996,0.0,0.0137261056534701,0.0,-0.2572456970892323,0.0,0.3187683717703935,0.0,0.37468445865049027,0.0,0.2960462722063033,0.0,0.12296987019451677,0.0,0.5144839206097442,0.0,-0.14774234109571616,0.0,-0.35327363423826696,0.0,0.5123579789380406,1.0,0.0,0.0,1.0
0.0,-0.3225125326579996,0.0,-0.3422047628436604,0.0,-0.005493452230121321,0.0,-0.25118533797220843,0.0,0.3190579293863185,0.0,0.3509500936618224,0.0,0.32314631857763665,0.0,0.12780960255191376,0.0,0.5145980997177202,0.0,-0.11455743759581605,0.0,-0.35694633888660743,0.0,0.5126986841238783,1.0,0.0,0.0,1.0
0.0,-0.31327269234405763,0.0,-0.3472551373642627,0.0,-0.029587208153988964,0.0,-0.24431083167538103,0.0,0.31870785148179737,0.0,0.3270618527830198,0.0,0.35689740953527416,0.0,0.13154350129201964,0.0,0.5147090131888783,0.0,-0.08059717054889903,0.0,-0.35872318543263493,0.0,0.5129903705613659,1.0,0.0,0.0,1.0
0.0,-0.3035399742733298,0.0,-0.3520794522559534,0.0,-0.057158664389560965,0.0,-0.23678136737829858,0.0,0.3177564842812055,0.0,0.303000080122648,0.0,0.39506740036069043,0.0,0.134382380093665,0.0,0.5148174247281632,0.0,-0.045857035581659655,0.0,-0.3596643849887098,0.0,0.5132304324995713,1.0,0.0,0.0,1.0
0.0,-0.2933472270230113,0.0,-0.356675971249631,0.0,-0.08711961251123101,0.0,-0.2287204003291401,0.0,0.3162385333797899,0.0,0.2787432269751604,0.0,0.4358132230104901,0.0,0.1364862624169847,0.0,0.5149239792493963,0.0,-0.01033191897901986,0.0,-0.3598507249269951,0.0,0.513433926225821,1.0,0.0,0.0,1.0
0.0,-0.2827244988429185,0.0,-0.36104124162178497,0.0,-0.1186141144343611,0.0,-0.22022280135871553,0.0,0.31418536087553006,0.0,0.25426825495770977,0.0,0.47771013967230624,0.0,0.1379765789300813,0.0,0.5150292199224662,0.0,0.025982954827960647,0.0,-0.3594682651375516,0.0,0.513610860114778,1.0,1.0,0.0,1.0
0.0,-0.27169923916189775,0.0,-0.36516991906741136,0.0,-0.1509948562545902,0.0,-0.21136117709873625,0.0,0.31162527369308624,0.0,0.22955080548379092,0.0,0.5197204885505329,0.0,0.13894508122862037,0.0,0.5151336030997222,0.0,0.06309132360162417,0.0,-0.35869545745686304,0.0,0.5137686490397808,1.0,1.0,0.0,1.0
0.0,-0.2602965001953046,0.0,-0.36905459141736596,0.0,-0.18245209101210547,0.0,-0.20219096099256229,0.0,0.30858379908124434,0.0,0.20456530570906795,0.0,0.5550560103558144,0.0,0.13946089945592544,0.0,0.5152375112435479,0.0,0.10099519138840929,0.0,-0.3529441374466318,0.0,0.5139127412648201,1.0,1.0,0.0,1.0
0.0,-0.248539134228134,0.0,-0.3726855860826306,0.0,-0.20254938919889032,0.0,-0.19275444913642614,0.0,0.3050839446830387,0.0,0.17928507375816194,0.0,0.5436960737850836,0.0,0.13957601552412502,0.0,0.5153412640293342,0.0,0.13969403505841704,0.0,-0.31760861564135023,0.0,0.5140471476739634,1.0,1.0,0.0,1.0
0.0,-0.24757552197167199,0.0,-0.37395017697375144,0.0,-0.2136978789847621,0.0,-0.1830839508228328,0.0,0.30144299697216903,0.0,0.16893381089821435,0.0,0.5347472653841705,0.0,0.13932946871742313,0.0,0.5262761110527068,0.0,0.1838412210324769,0.0,-0.32896855221208066,0.0,0.5141748240914072,1.0,1.0,0.0,1.0
0.0,-0.24801289232119972,0.0,-0.37422673534225215,0.0,-0.22496582991018288,0.0,-0.17320422047021822,0.0,0.3064212101632062,0.0,0.16635527995456645,0.0,0.5348667265237199,0.0,0.1387505629666026,0.0,0.5039040432698352,0.0,0.21274556485115648,0.0,-0.3379173606129937,0.0,0.5142979509965051,1.0,1.0,0.0,1.0
0.0,-0.24885762491486352,0.0,-0.374057160771196,0.0,-0.23679315629078523,0.0,-0.1631343187097425,0.0,0.3186791127488422,0.0,0.16811938819949734,0.0,0.5315391009756247,0.0,0.13786129852358364,0.0,0.46552368625091933,0.0,0.23292051434440708,0.0,-0.3339108984701684,0.0,0.5144181382808424,1.0,1.0,0.0,1.0
0.0,-0.24963573471622658,0.0,-0.3736844040874616,0.0,-0.2437115490500954,0.0,-0.15288902706179286,0.0,0.33648496256572447,0.0,0.17239376404928652,0.0,0.5100212521683809,0.0,0.13667820707899692,0.0,0.4147020056144082,0.0,0.2480372982257082,0.0,-0.3206296088323115,0.0,0.5145365753949362,1.0,1.0,0.0,1.0
0.0,-0.2499396090003434,0.0,-0.37322787777826205,0.0,-0.24684207288830695,0.0,-0.14247991754088485,0.0,0.35820205354768797,0.0,0.17813126982380023,0.0,0.4840911158345751,0.0,0.13521373154069982,0.0,0.3540655969340074,0.0,0.26024244331218593,0.0,-0.3092437306559783,0.0,0.5146541416156882,1.0,1.0,0.0,1.0
0.0,-0.24949531123590907,0.0,-0.37275025227669323,0.0,-0.24978651116670036,0.0,-0.13191615786458488,0.0,0.38224396664363747,0.0,0.18470668288130865,0.0,0.45697880519161194,0.0,0.13347726033429064,0.0,0.28654809507692214,0.0,0.2708287916358114,0.0,-0.2854489112198739,0.0,0.5147714871284084,1.0,1.0,0.0,1.0
0.0,-0.2481979152050151,0.0,-0.3722859632934177,0.0,-0.25242547236285473,0.0,-0.12120511546009372,0.0,0.4071339888645271,0.0,0.19173529276905166,0.0,0.42967373251297003,0.0,0.1314759008209574,0.0,0.21524650655998867,0.0,0.28059242504172976,0.0,-0.2604934019013254,0.0,0.5148890927071412,0.0,1.0,0.0,1.0
0.0,-0.246101152066883,0.0,-0.37185450357208705,0.0,-0.2547581010294273,0.0,-0.11035280918126578,0.0,0.4316232641826292,0.0,0.19897499826584264,0.0,0.40223821241391855,0.0,0.12921505646447073,0.0,0.1430508011575875,0.0,0.29003183213127137,0.0,-0.23430739016729785,0.0,0.5150073136759579,0.0,1.0,0.0,1.0
0.0,-0.24336560628199955,0.0,-0.37146706489144865,0.0,-0.2567904494327884,0.0,-0.09936424625518914,0.0,0.45480127275518756,0.0,0.20627050693705584,0.0,0.37466750046914354,0.0,0.1266988568255334,0.0,0.07223676505474375,0.0,0.2994634617030236,0.0,-0.2068931082488339,0.0,0.5151264123111599,0.0,1.0,0.0,1.0
0.0,-0.24019025414955752,0.0,-0.3711300373906914,0.0,-0.25852822156271493,0.0,-0.08824367303772895,0.0,0.47613892263460755,0.0,0.21352030320866877,0.0,0.34694974177170534,0.0,0.12393047746984287,0.0,0.0042301734926120105,0.0,0.3090907413069601,0.0,-0.17825420147647897,0.0,0.5152465817365295,0.0,1.0,0.0,1.0
0.0,-0.23675685175818373,0.0,-0.3708469247113264,0.0,-0.25997612052651764,0.0,-0.07699476122844695,0.0,0.49544548205344885,0.0,0.22065657402288785,0.0,0.31907056919899723,0.0,0.12091237770439234,0.0,-0.060367160290262234,0.0,0.31904617361790066,0.0,-0.14839349383825606,0.0,0.5153679635544681,0.0,1.0,0.0,1.0
0.0,-0.23320277916932408,0.0,-0.37061941788747,0.0,-0.26113766021506457,0.0,-0.06562074587420641,0.0,0.5127670146460588,0.0,0.2276327819691808,0.0,0.29101348406918426,0.0,0.11764647708527409,0.0,-0.12155592696217754,0.0,0.329417400227638,0.0,-0.11731323900383561,0.0,0.5154906608631769,0.0,1.0,0.0,1.0
0.0,-0.22693971645580646,0.0,-0.37044800384912824,0.0,-0.26201501659792026,0.0,-0.054124527433611735,0.0,0.5173357128847811,0.0,0.23441586899405387,0.0,0.2627598824347106,0.0,0.11413428636834055,0.0,-0.17140490692328125,0.0,0.34026351507241825,0.0,-0.08501540648830952,0.0,0.515614747874638,0.0,1.0,0.0,1.0
0.0,-0.21683323154135348,0.0,-0.3703323081772303,0.0,-0.26260888312821384,0.0,-0.04250874709843888,0.0,0.5134922906838457,0.0,0.2409813149330735,0.0,0.2342890532495021,0.0,0.11037700460338762,0.0,-0.21828901784303278,0.0,0.3516253570446981,0.0,-0.05150201091341167,0.0,0.5157402770280788,0.0,1.0,0.0,1.0
0.0,-0.2038451625788098,0.0,-0.3702712822399943,0.0,-0.26291832426763095,0.0,-0.030775842246746787,0.0,0.5106107066357555,0.0,0.24730997889036832,0.0,0.205578182264901,0.0,0.10637559109222572,0.0,-0.27308593908292655,0.0,0.3635320424376256,0.0,-0.01677552320547182,0.0,0.5158672842577694,0.0,1.0,0.0,1.0
0.0,-0.18904878684769333,0.0,-0.37026329717492557,0.0,-0.26294062400241414,0.0,-0.018928087156897977,0.0,0.5088023998671822,0.0,0.2533860646368278,0.0,0.17660237007619006,0.0,0.10213081870026608,0.0,-0.3334133826982413,0.0,0.3760051281059935,0.0,0.019160604991187213,0.0,0.51599579290041,0.0,1.0,1.0,1.0
0.0,-0.1871241590923507,0.0,-0.37030618081912126,0.0,-0.262671127039368,0.0,-0.0069676228033883625,0.0,0.5216741478429561,0.0,0.25919579989734043,0.0,0.14733467208315076,0.0,0.09764331334574461,0.0,-0.363862226129982,0.0,0.3890612703272356,0.0,0.05630127023653575,0.0,0.516125816599311,0.0,1.0,1.0,1.0
0.0,-0.203510790670149,0.0,-0.3703972186830575,0.0,-0.2621030712340775,0.0,0.00510352142267001,0.0,0.5399854071760974,0.0,0.26472657182919423,0.0,0.1177461704604359,0.0,0.09291358324971943,0.0,-0.35099047815420814,0.0,0.4027139214860562,0.0,0.09463886145788658,0.0,0.516257361468266,0.0,1.0,1.0,1.0
0.0,-0.22256214341551628,0.0,-0.37053313133608246,0.0,-0.26122741100962577,0.0,0.017283411955150374,0.0,0.5426501283436664,0.0,0.26996635565281757,0.0,0.0878060914202261,0.0,0.08794204060701594,0.0,-0.3326792188210672,0.0,0.4169744062579368,0.0,0.13416217619143245,0.0,0.5163904277085223,0.0,1.0,1.0,1.0
0.0,-0.23555095642344215,0.0,-0.3707100354213022,0.0,-0.2600326332442786,0.0,0.02957019968647856,0.0,0.536587588606225,0.0,0.2749033327606396,0.0,0.057481984854634405,0.0,0.08272901765297647,0.0,-0.3300144976534982,0.0,0.4318525934401305,0.0,0.1748550612267401,0.0,0.51652501082101,0.0,1.0,1.0,1.0
0.0,-0.24683665677091726,0.0,-0.3709233924498285,0.0,-0.25968182186788935,0.0,0.029598810785718133,0.0,0.5348844759457743,0.0,0.2795256321562629,0.0,0.052152781322165165,0.0,0.08258800052334792,0.0,-0.33607703739093964,0.0,0.447357300412468,0.0,0.23714674850577744,0.0,0.5214800714462435,0.0,1.0,1.0,1.0
0.0,-0.25948013109047663,0.0,-0.3711679476922285,0.0,-0.2599354887990528,0.0,0.026874674237011842,0.0,0.5362422499178585,0.0,0.28382115296633126,0.0,0.0551767027902077,0.0,0.09753527483025026,0.0,-0.3377801500513904,0.0,0.4634965169663925,0.0,0.2778179182028597,0.0,0.46950607790553756,0.0,1.0,1.0,1.0
0.0,-0.27295899070339935,0.0,-0.371437660399244,0.0,-0.2605413693732488,0.0,0.023259193607599205,0.0,0.5370776352112214,0.0,0.28777744108625347,0.0,0.061287652046122965,0.0,0.12147454976011351,0.0,-0.33642237607930614,0.0,0.48027750315652806,0.0,0.3105207969310091,0.0,0.3910248765421551,0.0,1.0,1.0,1.0
0.0,-0.28580432410206935,0.0,-0.37172562595967396,0.0,-0.26135684004250637,0.0,0.02005444273965873,0.0,0.5364441089969687,0.0,0.2913816029264029,0.0,0.06845722040036062,0.0,0.14958462151022678,0.0,-0.3355869907859428,0.0,0.49770679521078076,0.0,0.34060885111131034,0.0,0.2954745753234853,0.0,1.0,1.0,1.0
0.0,-0.2956256000042847,0.0,-0.37202399027565747,0.0,-0.262303244640234,0.0,0.01791788974425712,0.0,0.5267151278227877,0.0,0.29462024570090595,0.0,0.07581720944203996,0.0,0.17799191756041166,0.0,-0.32951559332246916,0.0,0.5157901401975482,0.0,0.37032759429490403,0.0,0.19229773046049248,0.0,1.0,1.0,1.0
0.0,-0.30028993053927344,0.0,-0.36917685765200314,0.0,-0.26333320376396996,0.0,0.016939043412895316,0.0,0.5111387679664117,0.0,0.29997674120361584,0.0,0.082963472202636,0.0,0.204104825787085,0.0,-0.32856261557987354,0.0,0.5153951474719349,0.0,0.40067130620182256,0.0,0.08925802971212482,0.0,1.0,1.0,0.0
0.0,-0.30639358908025205,0.0,-0.36462746415093505,0.0,-0.2644132231588392,0.0,0.01688885932087736,0.0,0.49003317996063833,0.0,0.30528421900674996,0.0,0.08968892241784854,0.0,0.2267751150507844,0.0,-0.3020187298002055,0.0,0.5137419042940969,0.0,0.4321012368357531,0.0,-0.009286076760430806,0.0,1.0,1.0,0.0
0.0,-0.31268703097103145,0.0,-0.3592907460099726,0.0,-0.2655147361506507,0.0,0.017471424403494584,0.0,0.4673942261450743,0.0,0.3095784666473578,0.0,0.09587319311008002,0.0,0.24592958559716083,0.0,-0.2732823869727592,0.0,0.5139678098167288,0.0,0.46483982965754755,0.0,-0.1022408180264498,0.0,1.0,1.0,0.0
0.0,-0.31885351291171116,0.0,-0.3531872214199785,0.0,-0.26660935744972347,0.0,0.01844650135808301,0.0,0.4442726993334558,0.0,0.3129698080413239,0.0,0.10143490545816602,0.0,0.26196331740328027,0.0,-0.24335189501163246,0.0,0.5141039096143389,0.0,0.4989956037940573,0.0,-0.19025874041005864,0.0,1.0,1.0,0.0
0.0,-0.32481368888872364,0.0,-0.3463717842901337,0.0,-0.2658877749959987,0.0,0.019641418506685326,0.0,0.4209466776527977,0.0,0.3155179581453913,0.0,0.10827730519703005,0.0,0.27531033304226105,0.0,-0.21252425525956475,0.0,0.514235188364387,0.0,0.5160347934057103,0.0,-0.27437459624922145,0.0,1.0,1.0,0.0
0.0,-0.3305492814271176,0.0,-0.33889424934122303,0.0,-0.2620942330146794,0.0,0.020926366236832195,0.0,0.3974849242013052,0.0,0.3172795024396269,0.0,0.11652536547648351,0.0,0.2862911860024129,0.0,-0.18089111714075568,0.0,0.5143596963551529,0.0,0.5115571733375264,0.0,-0.35543138776952077,0.0,1.0,1.0,0.0
0.0,-0.3360576858809776,0.0,-0.33080095720671476,0.0,-0.25710483678635043,0.0,0.010015430837065686,0.0,0.3738962400071246,0.0,0.318306145789343,0.0,0.12278925778707572,0.0,0.30137109205770374,0.0,-0.14847925369962756,0.0,0.5144788401140747,0.0,0.5123454870593775,0.0,-0.35323482105438986,0.0,1.0,1.0,0.0
0.0,-0.3413397719196025,0.0,-0.32213476828823673,0.0,-0.2510795466961997,0.0,-0.00803441117147674,0.0,0.3501707561379481,0.0,0.3186450356408379,0.0,0.12767461903691357,0.0,0.32670639323868134,0.0,-0.11529400517274846,0.0,0.5145936968283262,0.0,0.512688124258311,0.0,-0.3563513095713007,0.0,1.0,1.0,0.0
0.0,-0.34639640998946986,0.0,-0.31293518057154435,0.0,-0.24423162617956917,0.0,-0.03129213253040097,0.0,0.3262918977072098,0.0,0.3183390365381573,0.0,0.1314427682623891,0.0,0.3592378210901739,0.0,-0.08133335804640485,0.0,0.5147051869842878,0.0,0.5129827058561931,0.0,-0.3583395568914334,0.0,1.0,1.0,0.0
0.0,-0.35122738653702923,0.0,-0.30323848393648234,0.0,-0.23672219745241918,0.0,-0.058277336643123956,0.0,0.30224002287904783,0.0,0.31742702542431145,0.0,0.13430732141604773,0.0,0.39655674384220463,0.0,-0.04659278903553776,0.0,0.5148140900770826,0.0,0.5132247937174901,0.0,-0.35939956903817327,0.0,1.0,1.0,0.0
0.0,-0.35583099445519295,0.0,-0.29307794030578016,0.0,-0.22867627363292975,0.0,-0.0878325715937005,0.0,0.2779935912454321,0.0,0.3159441929954525,0.0,0.13643039603622276,0.0,0.4367267977310485,0.0,-0.011067150209524979,0.0,0.5149210643964559,0.0,0.5134297771586347,0.0,-0.35968066933713283,0.0,1.0,1.0,0.0
0.0,-0.3602038130978187,0.0,-0.282483978893767,0.0,-0.22018993589060276,0.0,-0.11905324466023304,0.0,0.25352957080032335,0.0,0.3139223427883442,0.0,0.1379350303941096,0.0,0.4782477573484205,0.0,0.02524837944830427,0.0,0.5150266643933943,0.0,0.5136078034980853,0.0,-0.359366136949705,1.0,1.0,1.0,0.0
0.0,-0.36434053306847103,0.0,-0.2714843983277544,0.0,-0.21133672214343768,0.0,-0.15125507169735108,0.0,0.22882360831796822,0.0,0.31139018191537504,0.0,0.13891419735894983,0.0,0.5200226887173995,0.0,0.062357594070485245,0.0,0.5151313559052562,0.0,0.5137663948862938,0.0,-0.35863895473072693,1.0,1.0,1.0,0.0
0.0,-0.3682337800590316,0.0,-0.260104569407841,0.0,-0.2021727761765768,0.0,-0.18252189603089608,0.0,0.2038501352383424,0.0,0.3083735992422221,0.0,0.13943794972570567,0.0,0.5548655999318437,0.0,0.10026256601477845,0.0,0.5152355293515383,0.0,0.5139110772646829,0.0,-0.3526419372797647,1.0,1.0,1.0,0.0
0.0,-0.37187392243798634,0.0,-0.24836763390737904,0.0,-0.1927409323403757,0.0,-0.20250485103247584,0.0,0.17858247244174663,0.0,0.30489592826690215,0.0,0.13955896332584272,0.0,0.5435817305998785,0.0,0.1389628539571568,0.0,0.5153395110731571,0.0,0.514045918161961,0.0,-0.3177990260653205,1.0,1.0,1.0,0.0
0.0,-0.3731405403487549,0.0,-0.24742190669364206,0.0,-0.18307390570126225,0.0,-0.2136712389633213,0.0,0.16825463923887973,0.0,0.30127336426641893,0.0,0.13931679751039816,0.0,0.5347651635291446,0.0,0.18306507933647964,0.0,0.5262756123850454,0.0,0.5141739147746303,0.0,-0.32908289539728575,1.0,1.0,1.0,0.0
0.0,-0.37341585233994934,0.0,-0.2478613118177444,0.0,-0.1731967553582323,0.0,-0.22496998669756207,0.0,0.16569985949613075,0.0,0.3062791617018714,0.0,0.13874114490751488,0.0,0.5348975233325399,0.0,0.21192039698223608,0.0,0.5038202574340773,0.0,0.5142972778581525,0.0,-0.33789946246802005,1.0,1.0,1.0,0.0
0.0,-0.3732432801064167,0.0,-0.2487062540800542,0.0,-0.16312876999817183,0.0,-0.23680156325710033,0.0,0.1674851094915204,0.0,0.31855817592417024,0.0,0.13785429564898655,0.0,0.5315477522014675,0.0,0.2320488545784576,0.0,0.4653937853260075,0.0,0.514417639496767,0.0,-0.3338845027082553,1.0,1.0,1.0,0.0
0.0,-0.37286651661759596,0.0,-0.2494829207017215,0.0,-0.1528849014203888,0.0,-0.24371617189572348,0.0,0.17177745325790772,0.0,0.336379448573382,0.0,0.13667299723849613,0.0,0.5100264953309317,0.0,0.2471238421474813,0.0,0.414534165228591,0.0,0.5145362054310065,0.0,-0.3206299848897065,1.0,1.0,1.0,0.0
0.0,-0.372405382452202,0.0,-0.24978411156481695,0.0,-0.14247684853047327,0.0,-0.2468467135752226,0.0,0.17753000368306582,0.0,0.3581066149887886,0.0,0.13520985303812116,0.0,0.4840952546169621,0.0,0.25929209623109317,0.0,0.3538686893316312,0.0,0.5146538669087586,0.0,-0.3092327838201645,1.0,1.0,1.0,0.0
0.0,-0.3719227879828306,0.0,-0.2493364685960584,0.0,-0.13191387345923777,0.0,-0.2497910481565584,0.0,0.18411804739071247,0.0,0.3821535540290002,0.0,0.1334743706444832,0.0,0.45698280102384725,0.0,0.2698458818806042,0.0,0.2863318763766842,0.0,0.5147712829207016,0.0,-0.2854383097166098,1.0,1.0,1.0,0.0
0.0,-0.3714533159963729,0.0,-0.2480356806706303,0.0,-0.12120341379788213,0.0,-0.25242990232226026,0.0,0.1911574213708498,0.0,0.40704409912419104,0.0,0.13147374585853155,0.0,0.42967764668169295,0.0,0.2795804561383557,0.0,0.21502086051201275,0.0,0.5148889407228951,0.0,-0.26048304179261006,1.0,0.0,1.0,0.0
0.0,-0.3710165526743965,0.0,-0.2459359768459115,0.0,-0.1103515404955373,0.0,-0.25476242701349827,0.0,0.19840652275412163,0.0,0.4315303053630828,0.0,0.1292134477400615,0.0,0.4022420473847488,0.0,0.2889934792629605,0.0,0.14282444450560705,0.0,0.5150072004144244,0.0,-0.2342972597456039,1.0,0.0,1.0,0.0
0.0,-0.37062375176739026,0.0,-0.24319821610283077,0.0,-0.09936329943284994,0.0,-0.2567946743070011,0.0,0.20571047951677945,0.0,0.45470282700669395,0.0,0.1266976544842735,0.0,0.3746712544112545,0.0,0.298400668939399,0.0,0.07201610519517221,0.0,0.5151263277913998,0.0,-0.20688320044360164,1.0,0.0,1.0,0.0
0.0,-0.37028134698863324,0.0,-0.24002141852062708,0.0,-0.08824296563242795,0.0,-0.25853234762592026,0.0,0.21296811602495724,0.0,0.4760337599691109,0.0,0.12392957770837576,0.0,0.3469534124621201,0.0,0.3080048493366734,0.0,0.00401887999559003,0.0,0.5152465185737749,0.0,-0.17824451028040178,1.0,0.0,1.0,0.0
0.0,-0.3699928750146748,0.0,-0.2365872296181073,0.0,-0.07699423204805056,0.0,-0.25998014952736703,0.0,0.22011188730707731,0.0,0.49533332927712115,0.0,0.12091170344221469,0.0,0.3190741543447353,0.0,0.3179380450774527,0.0,-0.060567793238151424,0.0,0.5153679162800828,0.0,-0.14838401418374714,1.0,0.0,1.0,0.0
0.0,-0.36976005415613233,0.0,-0.23303286420904357,0.0,-0.06562034948316198,0.0,-0.2611415933911845,0.0,0.2270954645024741,0.0,0.5126482036878586,0.0,0.11764597105194197,0.0,0.2910169813478056,0.0,0.32828752906656744,0.0,-0.12174617521676723,0.0,0.5154906254236833,0.0,-0.11730396673979282,1.0,0.0,1.0,0.0
0.0,-0.3695833958050585,0.0,-0.22681067471605676,0.0,-0.05412423007776823,0.0,-0.2620188547121898,0.0,0.23388595102156984,0.0,0.5173765861053119,0.0,0.11413390598236584,0.0,0.2627632895114025,0.0,0.33911211618267734,0.0,-0.17171071502349333,0.0,0.5156147212624811,0.0,-0.08500633836767113,1.0,0.0,1.0,0.0
0.0,-0.36946254904024745,0.0,-0.21673869366512566,0.0,-0.04250852368538727,0.0,-0.262612626500748,0.0,0.24045895211651214,0.0,0.5135267945473676,0.0,0.11037671817896566,0.0,0.2342923677935942,0.0,0.3504524370023754,0.0,-0.21851405862241302,0.0,0.5157402570093184,0.0,-0.05149314459669396,1.0,0.0,1.0,0.0
0.0,-0.369396488967344,0.0,-0.2037793432109547,0.0,-0.030775674108744155,0.0,-0.26292197280396623,0.0,0.24679542538811639,0.0,0.5106394251441277,0.0,0.10637537502945271,0.0,0.2055814019685287,0.0,0.36233745407474505,0.0,-0.27324351586195883,0.0,0.515867269171169,0.0,-0.016766857281870884,1.0,0.0,1.0,0.0
0.0,-0.36938361152698107,0.0,-0.18900624456496118,0.0,-0.018927960393638088,0.0,-0.2629441772186234,0.0,0.2528796534107687,0.0,0.5088256769523052,0.0,0.1021306554035677,0.0,0.17660549267602121,0.0,0.37478861210140346,0.0,-0.333515946827307,0.0,0.5159957815090781,0.0,0.019169070964869306,1.0,0.0,1.0,1.0
0.0,-0.3694217710345997,0.0,-0.18713377725808922,0.0,-0.006967527054219325,0.0,-0.2626745840849307,0.0,0.25869792857435536,0.0,0.5217263082914267,0.0,0.09764318968135433,0.0,0.14733769538605657,0.0,0.38782248682655895,0.0,-0.36383894904485903,0.0,0.5161258079810938,0.0,0.05630953567927177,1.0,0.0,1.0,1.0
0.0,-0.36950828164311833,0.0,-0.20353237909643518,0.0,0.005103593888571734,0.0,-0.26210643091346864,0.0,0.264237692739806,0.0,0.5399973774366447,0.0,0.09291348940215727,0.0,0.11774909237407183,0.0,0.4014524743304979,0.0,-0.35093831770573747,0.0,0.5162573549347056,0.0,0.09464692469065428,1.0,0.0,1.0,1.0
0.0,-0.3696398951537496,0.0,-0.22256710900657195,0.0,0.017283466913220913,0.0,-0.2612306718037676,0.0,0.26948696895546664,0.0,0.5426335055084359,0.0,0.0879419692309309,0.0,0.08780890998960444,0.0,0.4156898619215168,0.0,-0.33266724856051955,0.0,0.5163904227448759,0.0,0.13417003434745967,1.0,0.0,1.0,1.0
0.0,-0.3698127624264438,0.0,-0.23554405858787808,0.0,0.029570241456950974,0.0,-0.2600357933332349,0.0,0.27443398180675826,0.0,0.5365757251796053,0.0,0.08272896324367585,0.0,0.05748469830579461,0.0,0.4305444963355183,0.0,-0.33003112048872874,0.0,0.5165250070418241,0.0,0.17486271014802357,1.0,0.0,1.0,1.0
0.0,-0.37002238255968,0.0,-0.24683173755506393,0.0,0.029598848737175665,0.0,-0.25968494366090056,0.0,0.27906690044996774,0.0,0.534886454565485,0.0,0.08258796490886677,0.0,0.0521552049735825,0.0,0.44602518586039386,0.0,-0.3360889008175594,0.0,0.521480006254345,0.0,0.23715503557170603,1.0,0.0,1.0,1.0
0.0,-0.3702635421684448,0.0,-0.2594809513613554,0.0,0.026874710920688827,0.0,-0.25993860163023497,0.0,0.2833736622251384,0.0,0.5362479894045906,0.0,0.09753525058377432,0.0,0.055178875439926056,0.0,0.4621399228369776,0.0,-0.33777817143167965,0.0,0.46950597924215565,0.0,0.27782682462908026,1.0,0.0,1.0,1.0
0.0,-0.37053024599761386,0.0,-0.2729613705052665,0.0,0.023259230890125604,0.0,-0.26054448884410863,0.0,0.2873418500219853,0.0,0.5370791947422102,0.0,0.12147453128740304,0.0,0.061289623363641965,0.0,0.47889598097458475,0.0,-0.33641663659257404,0.0,0.3910247535973417,0.0,0.3105302318589551,1.0,0.0,1.0,1.0
0.0,-0.3708156394794244,0.0,-0.28580497080714595,0.0,0.02005448170352908,0.0,-0.26135997396649646,0.0,0.2909586064456615,0.0,0.5364423759001786,0.0,0.14958460406519647,0.0,0.06845902365622258,0.0,0.4962999213585566,0.0,-0.33558543125495444,0.0,0.2954744382425325,0.0,0.3406187413024515,1.0,0.0,1.0,1.0
0.0,-0.37111192351223954,0.0,-0.295625116298893,0.0,0.017917930675328098,0.0,-0.26230639602013595,0.0,0.294210574278861,0.0,0.5267147712625997,0.0,0.17799189747292088,0.0,0.07581886214037858,0.0,0.5143575277342554,0.0,-0.32951810026953954,0.0,0.19229758939685615,0.0,0.3703378945919802,1.0,0.0,1.0,1.0
0.0,-0.36860039994610805,0.0,-0.3002894628860653,0.0,0.016939086030504757,0.0,-0.26333637240652097,0.0,0.2993143185020073,0.0,0.5111383654578083,0.0,0.2041048009513058,0.0,0.08296498068022551,0.0,0.5159835078090209,0.0,-0.32856302617899447,0.0,0.08925789209618262,0.0,0.4006819925858949,1.0,0.0,0.0,1.0
0.0,-0.3640994503513002,0.0,-0.3063931280047183,0.0,0.016888903133404742,0.0,-0.2644164065319212,0.0,0.3047036278223545,0.0,0.490032764726418,0.0,0.22677508488643694,0.0,0.08969028576321936,0.0,0.5137085166831445,0.0,-0.3020191191685746,0.0,-0.009286207629316312,0.0,0.4321122982457912,1.0,0.0,0.0,1.0
0.0,-0.3588176710761286,0.0,-0.31268657354473417,0.0,0.017471468957337866,0.0,-0.2655179298063577,0.0,0.3090583910916287,0.0,0.467393809067989,0.0,0.24592955043760867,0.0,0.09587440582663564,0.0,0.5139622330538534,0.0,-0.2732827692014128,0.0,-0.1022409419658703,0.0,0.46485126179738545,1.0,0.0,0.0,1.0
0.0,-0.3527633652120037,0.0,-0.31885305831785526,0.0,0.018446546309903056,0.0,-0.2666125551993521,0.0,0.3125047030913888,0.0,0.44427228406603003,0.0,0.26196327783968165,0.0,0.10143595915564418,0.0,0.5140981577344141,0.0,-0.24335227459263153,0.0,-0.19025885847603075,0.0,0.4990074048806705,1.0,0.0,0.0,1.0
0.0,-0.345992347401229,0.0,-0.32481323696848996,0.0,0.019641463601403952,0.0,-0.26588953065412957,0.0,0.31510218251646727,0.0,0.420946265561823,0.0,0.27531028958074044,0.0,0.10827978918164183,0.0,0.514230278362446,0.0,-0.21252463374115793,0.0,-0.27437470954957677,0.0,0.516031921027079,1.0,0.0,0.0,1.0
0.0,-0.33855480043265196,0.0,-0.33054883223458553,0.0,0.02092641127316286,0.0,-0.26209560756865313,0.0,0.31690794985955373,0.0,0.39748451591938583,0.0,0.2862911389934615,0.0,0.11652712334823523,0.0,0.5143554612866352,0.0,-0.1808914950861258,0.0,-0.35543149713532873,0.0,0.5115575183462293,1.0,0.0,0.0,1.0
0.0,-0.33049744317865404,0.0,-0.336057239546633,0.0,0.010015458438652924,0.0,-0.2571058698648483,0.0,0.31797418816106005,0.0,0.37389583592485653,0.0,0.30137105166976186,0.0,0.12279058251939734,0.0,0.5144751800427949,0.0,-0.14847963132275233,0.0,-0.35323481024065595,0.0,0.5123455787233322,1.0,0.0,0.0,1.0
0.0,-0.3218634965061642,0.0,-0.341339328607809,0.0,-0.008034392139851576,0.0,-0.25108032261919977,0.0,0.3183484916242936,0.0,0.35017035656442497,0.0,0.32670636670405306,0.0,0.1276756091307476,0.0,0.5145905254625762,0.0,-0.11529438255420699,0.0,-0.35635131485465266,0.0,0.5126882017412999,1.0,0.0,0.0,1.0
0.0,-0.3126927988605268,0.0,-0.3463959698852177,0.0,-0.031292119795938156,0.0,-0.24423220713403282,0.0,0.31807413808861007,0.0,0.32629150292420617,0.0,0.35923780363216595,0.0,0.13144350715087683,0.0,0.5147024314883453,0.0,-0.08133373520797926,0.0,-0.3583395596708918,0.0,0.512982762093003,1.0,0.0,0.0,1.0
0.0,-0.3030219586460219,0.0,-0.3512269498421503,0.0,-0.05827732829622789,0.0,-0.23672263146398365,0.0,0.3171903844639754,0.0,0.3022396331600299,0.0,0.3965567327424764,0.0,0.13430787199087302,0.0,0.5148116890084289,0.0,-0.046593165965356675,0.0,-0.3593995710088862,0.0,0.5132248350882538,1.0,0.0,0.0,1.0
0.0,-0.29288453346694476,0.0,-0.3558305613878012,0.0,-0.08783256627832348,0.0,-0.22867659730988432,0.0,0.31573276891607005,0.0,0.27799320686245776,0.0,0.4367267909252952,0.0,0.13643080583649558,0.0,0.5149189659671274,0.0,-0.011067526869023236,0.0,-0.35968067059958875,0.0,0.5134298075985773,1.0,0.0,0.0,1.0
0.0,-0.2823112252145856,0.0,-0.36020338389294704,0.0,-0.1190532413880998,0.0,-0.2201901769686776,0.0,0.31373341130211463,0.0,0.25352919202656166,0.0,0.47824775334452374,0.0,0.13793533517103151,0.0,0.515024824959895,0.0,0.02524800312459341,0.0,-0.3593661377083177,0.0,0.5136078259225565,1.0,1.0,0.0,1.0
0.0,-0.27133008257979574,0.0,-0.3643401079792179,0.0,-0.15125506975906333,0.0,-0.21133690153019202,0.0,0.3112213055927455,0.0,0.2288232354284836,0.0,0.5200226864671538,0.0,0.13891442390761854,0.0,0.5151297386728788,0.0,0.06235721817837625,0.0,-0.358638955150532,0.0,0.5137664114232265,1.0,1.0,0.0,1.0
0.0,-0.2599667045993752,0.0,-0.3682333593579572,0.0,-0.18252189551108433,0.0,-0.20217290957066458,0.0,0.30822259993903867,0.0,0.20384976851004977,0.0,0.5548656013503197,0.0,0.13943811807447526,0.0,0.5152341032715855,0.0,0.10026219068567777,0.0,-0.35264193953001044,0.0,0.5139110894719154,1.0,1.0,0.0,1.0
0.0,-0.24824444051316474,0.0,-0.37187350641865846,0.0,-0.2025048513642549,0.0,-0.19274103149307287,0.0,0.3047608615407751,0.0,0.17858211215283015,0.0,0.5435817314514693,0.0,0.13955908841354958,0.0,0.5153382499103523,0.0,0.13896247936462114,0.0,-0.3177990246468445,0.0,0.5140459271816327,1.0,1.0,0.0,1.0
0.0,-0.24731155739633204,0.0,-0.3731401253612696,0.0,-0.21367123916172348,0.0,-0.18307397938782044,0.0,0.301151501183921,0.0,0.1682542909552205,0.0,0.5347651633957677,0.0,0.13931689046130957,0.0,0.5262752528383206,0.0,0.1830646816918322,0.0,-0.32908289454569495,0.0,0.5141739214452872,1.0,1.0,0.0,1.0
0.0,-0.2477524215441469,0.0,-0.37341543670766164,0.0,-0.22496998666658596,0.0,-0.17319681011920007,0.0,0.3061771139062852,0.0,0.1656995233795504,0.0,0.5348975231031616,0.0,0.13874121399479833,0.0,0.5037600628073169,0.0,0.2119199742104909,0.0,-0.3378994626013969,0.0,0.5142972827961896,1.0,1.0,0.0,1.0
0.0,-0.24859751169229982,0.0,-0.373242862933032,0.0,-0.23680156319447887,0.0,-0.16312881070133978,0.0,0.31847129325084467,0.0,0.1674847842022391,0.0,0.5315477521370267,0.0,0.13785434701949217,0.0,0.46530045778180407,0.0,0.23204840798584758,0.0,-0.3338845029048376,0.0,0.5144176431557455,1.0,1.0,0.0,1.0
0.0,-0.24937313923256177,0.0,-0.3728660973870985,0.0,-0.2437161718612888,0.0,-0.1528849316845391,0.0,0.3363036432594746,0.0,0.17177713716789755,0.0,0.5100264952918767,0.0,0.13667303545601595,0.0,0.4144135818377852,0.0,0.2471233741457417,0.0,-0.3206299848869061,0.0,0.5145362081449747,1.0,1.0,0.0,1.0
0.0,-0.2496724008496498,0.0,-0.3724049608575415,0.0,-0.24684671354065513,0.0,-0.14247687104361306,0.0,0.35803804440242004,0.0,0.1775296952935883,0.0,0.4840952545861339,0.0,0.13520988148945134,0.0,0.35372722850544047,0.0,0.2592916093373048,0.0,-0.30923278390170506,0.0,0.5146538689239377,1.0,1.0,0.0,1.0
0.0,-0.24922235427799322,0.0,-0.37192236383971267,0.0,-0.2497910481227632,0.0,-0.13191389021682154,0.0,0.38208858993917705,0.0,0.18411774546465098,0.0,0.45698280099408395,0.0,0.1334743918422472,0.0,0.2861765508488596,0.0,0.26984537831443856,0.0,-0.28543830979557905,0.0,0.5147712844187118,1.0,1.0,0.0,1.0
0.0,-0.24791913025702694,0.0,-0.3714528891956794,0.0,-0.2524299022892622,0.0,-0.12120342628068137,0.0,0.40697950661048443,0.0,0.19115712495203718,0.0,0.42967764665253716,0.0,0.1314737616665984,0.0,0.21485877257327335,0.0,0.2795799376955852,0.0,-0.2604830418697808,0.0,0.5148889418378073,0.0,1.0,0.0,1.0
0.0,-0.2458173152398242,0.0,-0.37101612315471755,0.0,-0.2547624269812747,0.0,-0.11035154980217898,0.0,0.43146350487419305,0.0,0.1984062311419783,0.0,0.4022420473561823,0.0,0.12921345954111896,0.0,0.14266185533429399,0.0,0.28899294731410663,0.0,-0.23429725982106397,0.0,0.5150072012452767,0.0,1.0,0.0,1.0
0.0,-0.24307796498620782,0.0,-0.3706233194989288,0.0,-0.2567946742755307,0.0,-0.09936330637841584,0.0,0.4546320829844128,0.0,0.20571019222623343,0.0,0.37467125438329196,0.0,0.12669766330424403,0.0,0.07185761487061404,0.0,0.29840012447990993,0.0,-0.2068832005174035,0.0,0.5151263284114109,0.0,1.0,0.0,1.0
0.0,-0.2399001306403057,0.0,-0.3702809119638033,0.0,-0.25853234759518573,0.0,-0.0882429708217134,0.0,0.4759581902442416,0.0,0.2129678327451079,0.0,0.34695341243477795,0.0,0.12392958430872358,0.0,0.0038671211277008233,0.0,0.3080042930526319,0.0,-0.17824451035259026,0.0,0.5152465190371172,0.0,1.0,0.0,1.0
0.0,-0.2364653780715451,0.0,-0.3699924372427228,0.0,-0.2599801494973555,0.0,-0.07699423592993959,0.0,0.4952527386765113,0.0,0.22011160786432304,0.0,0.31907415431803,0.0,0.12091170838837595,0.0,-0.060711893840293296,0.0,0.3179374774099517,0.0,-0.14838401425435999,0.0,0.5153679166268725,0.0,1.0,0.0,1.0
0.0,-0.23291080333589242,0.0,-0.3697596136602037,0.0,-0.26114159336188614,0.0,-0.06562035239095376,0.0,0.5125628312478203,0.0,0.22709518882997326,0.0,0.29101698132175446,0.0,0.11764597476403305,0.0,-0.12188281743048135,0.0,0.3282869502678425,0.0,-0.11730396680886068,0.0,0.5154906256836562,0.0,1.0,0.0,1.0
0.0,-0.22671797828693752,0.0,-0.36958295262076835,0.0,-0.26201885468359976,0.0,-0.05412423225907137,0.0,0.5174059505493438,0.0,0.23388567913510716,0.0,0.2627632894860228,0.0,0.11413390877275065,0.0,-0.1719303958674403,0.0,0.3391115263620721,0.0,-0.08500633843521932,0.0,0.5156147214576992,0.0,1.0,0.0,1.0
0.0,-0.21667080343678347,0.0,-0.3694621032151937,0.0,-0.26261262647286365,0.0,-0.04250852532427096,0.0,0.5135516007481447,0.0,0.2404586840960281,0.0,0.23429236776890416,0.0,0.11037672028007961,0.0,-0.21867566964922425,0.0,0.3504518361626028,0.0,-0.05149314466273891,0.0,0.5157402571561698,0.0,1.0,0.0,1.0
0.0,-0.20373208928633701,0.0,-0.369396040561238,0.0,-0.2629219727767884,0.0,-0.030775675342148645,0.0,0.5106600614478523,0.0,0.24679516136392277,0.0,0.20558140194454522,0.0,0.10637537661441732,0.0,-0.27335664717943065,0.0,0.3623368421398405,0.0,-0.01676685734642369,0.0,0.5158672692818391,0.0,1.0,0.0,1.0
0.0,-0.1889757091558093,0.0,-0.36938316061219556,0.0,-0.2629441771921557,0.0,-0.018927961323531584,0.0,0.5088423954677714,0.0,0.2528793935534681,0.0,0.17660549265276115,0.0,0.10213065660145926,0.0,-0.3335895646782143,0.0,0.37478798893802345,0.0,0.019169070901806418,0.0,0.5159957815926401,0.0,1.0,1.0,1.0
0.0,-0.18714068541983275,0.0,-0.3694213176970278,0.0,-0.2626745840591793,0.0,-0.006967527756604142,0.0,0.5217637518623226,0.0,0.2586976730876085,0.0,0.14733769536353591,0.0,0.09764319058851623,0.0,-0.3638222305293932,0.0,0.38782185226015464,0.0,0.0563095356177028,0.0,0.5161258080443147,0.0,1.0,1.0,1.0
0.0,-0.20354787651588824,0.0,-0.36950782598328313,0.0,-0.26210643088844243,0.0,0.005103593356985403,0.0,0.5400059666943546,0.0,0.2642374418552369,0.0,0.11774909235230702,0.0,0.09291349009059235,0.0,-0.35090087413484206,0.0,0.4014518281577115,0.0,0.09464692463059121,0.0,0.5162573549826339,0.0,1.0,1.0,1.0
0.0,-0.22257067206977288,0.0,-0.3696394372881304,0.0,-0.2612306717794777,0.0,0.017283466510066514,0.0,0.5426215711521838,0.0,0.2694867229291522,0.0,0.0878089099686088,0.0,0.08794196975452317,0.0,-0.33265865930281,0.0,0.41568920391985786,0.0,0.1341700342889247,0.0,0.5163904227812872,0.0,1.0,1.0,1.0
0.0,-0.23553910629888275,0.0,-0.3698123024890023,0.0,-0.2600357933096955,0.0,0.029570241150536525,0.0,0.5365672098274086,0.0,0.2744337409168618,0.0,0.057484698285582336,0.0,0.08272896364280458,0.0,-0.33004305484498087,0.0,0.43054382627118315,0.0,0.17486271009104692,0.0,0.5165250070695473,0.0,1.0,1.0,1.0
0.0,-0.24682820663567906,0.0,-0.37002192070358486,0.0,-0.2596849436376467,0.0,0.029598848458776583,0.0,0.534887875935095,0.0,0.2790666649951894,0.0,0.05215520495552983,0.0,0.08258796517012312,0.0,-0.33609741616975564,0.0,0.4460245034948871,0.0,0.23715503550997585,0.0,0.5214800067325713,0.0,1.0,1.0,1.0
0.0,-0.2594815406147317,0.0,-0.37026307856799257,0.0,-0.2599386016070473,0.0,0.026874710651589417,0.0,0.5362521095773514,0.0,0.28337343252372804,0.0,0.055178875423741225,0.0,0.09753525076163871,0.0,-0.3377767500620692,0.0,0.46213922793305473,0.0,0.2778268245627382,0.0,0.46950597996591714,0.0,1.0,1.0,1.0
0.0,-0.27296307888116056,0.0,-0.3705297808503518,0.0,-0.26054448882087167,0.0,0.023259230616633264,0.0,0.537080313864728,0.0,0.28734162641112526,0.0,0.06128962334895771,0.0,0.12147453142291242,0.0,-0.33641251641981285,0.0,0.47889527330191894,0.0,0.31053023178867534,0.0,0.39102475449922514,0.0,1.0,1.0,1.0
0.0,-0.2858054348840624,0.0,-0.3708151730084781,0.0,-0.261359973943152,0.0,0.02005448141770305,0.0,0.536441131601201,0.0,0.290958389281065,0.0,0.06845902364279155,0.0,0.149584604193167,0.0,-0.33558431213243667,0.0,0.49629920069945355,0.0,0.3406187412287789,0.0,0.295474439248113,0.0,1.0,1.0,1.0
0.0,-0.29562476893205414,0.0,-0.371111455968844,0.0,-0.2623063959966614,0.0,0.01791793037507139,0.0,0.5267145151352421,0.0,0.294210363934456,0.0,0.07581886212806843,0.0,0.17799189762027545,0.0,-0.32951989988491537,0.0,0.5143567938896849,0.0,0.3703378945152518,0.0,0.1922975904316524,0.0,1.0,1.0,1.0
0.0,-0.3002891270352861,0.0,-0.3686001042742757,0.0,-0.2633363723829176,0.0,0.016939085717875724,0.0,0.5111380763715241,0.0,0.29931397866748144,0.0,0.08296498066898916,0.0,0.20410480113349339,0.0,-0.32856332104218566,0.0,0.5159838091707059,0.0,0.40068199250629055,0.0,0.08925789310568799,0.0,1.0,1.0,0.0
0.0,-0.3063927968745319,0.0,-0.3640991795023365,0.0,-0.26441640650820863,0.0,0.016888902812010276,0.0,0.49003246651209054,0.0,0.30470332996800353,0.0,0.08969028575306437,0.0,0.22677508510771327,0.0,-0.3020193987963644,0.0,0.5137084995258379,0.0,0.432112298163394,0.0,-0.009286206669306019,0.0,1.0,1.0,0.0
0.0,-0.31268624503440456,0.0,-0.358817428396605,0.0,-0.2655179297825687,0.0,0.017471468630505083,0.0,0.46739350953337233,0.0,0.3090581242711825,0.0,0.09587440581760287,0.0,0.2459295506955277,0.0,-0.27328304370533196,0.0,0.5139622301893887,0.0,0.46485126171222735,0.0,-0.1022409410566909,0.0,1.0,1.0,0.0
0.0,-0.3188527318414338,0.0,-0.3527631477705917,0.0,-0.2666125551755325,0.0,0.01844654598015083,0.0,0.4442719858320272,0.0,0.31250446446484315,0.0,0.10143595914779535,0.0,0.2619632781299077,0.0,-0.24335254719629473,0.0,0.5140981547786247,0.0,0.4990074047927644,0.0,-0.190258857609936,0.0,1.0,1.0,0.0
0.0,-0.3248129124121042,0.0,-0.34599215273912165,0.0,-0.2658895306410525,0.0,0.019641463270603232,0.0,0.4209459696093645,0.0,0.3151019691921566,0.0,0.10827978916313885,0.0,0.2753102898995601,0.0,-0.2125249055556777,0.0,0.5142302758395156,0.0,0.5160319210484756,0.0,-0.27437470871844116,0.0,1.0,1.0,0.0
0.0,-0.3305485096371288,0.0,-0.3385546262790502,0.0,-0.26209560755841466,0.0,0.02092641094279024,0.0,0.3974842227025861,0.0,0.31690775921974756,0.0,0.11652712333514126,0.0,0.2862911393383043,0.0,-0.18089176651569705,0.0,0.5143554591106367,0.0,0.5115575183436589,0.0,-0.3554314963330558,0.0,1.0,1.0,0.0
0.0,-0.33605691900183343,0.0,-0.33049728745620977,0.0,-0.2571058698571531,0.0,0.010015458236176222,0.0,0.3738955457241633,0.0,0.31797401783284673,0.0,0.12279058250952923,0.0,0.3013710519660342,0.0,-0.14847990252095444,0.0,0.51447517816236,0.0,0.5123455787226501,0.0,-0.3532348103199814,0.0,1.0,1.0,0.0
0.0,-0.34133901023371394,0.0,-0.3218633573219809,0.0,-0.25108032261341995,0.0,-0.008034392279461677,0.0,0.35017006960179664,0.0,0.31834833946357666,0.0,0.1276756091233726,0.0,0.32670636689870225,0.0,-0.11529465357887236,0.0,0.5145905238333404,0.0,0.5126882017407226,0.0,-0.35635131481589566,0.0,1.0,1.0,0.0
0.0,-0.34639565381468396,0.0,-0.31269267449599747,0.0,-0.24423220712970517,0.0,-0.0312921198893541,0.0,0.326291219402,0.0,0.3180740021630335,0.0,0.13144350714537367,0.0,0.3592378037602324,0.0,-0.08133400607474162,0.0,0.5147024300728589,0.0,0.5129827620925833,0.0,-0.35833955965050324,0.0,1.0,1.0,0.0
0.0,-0.3512266362201286,0.0,-0.3030218475456574,0.0,-0.23672263146075068,0.0,-0.058277328357458025,0.0,0.30223935327463636,0.0,0.31719026303589093,0.0,0.1343078719867714,0.0,0.3965567328239006,0.0,-0.04659343666568283,0.0,0.5148116877751017,0.0,0.5132248350879465,0.0,-0.35939957099442976,0.0,1.0,1.0,0.0
0.0,-0.35583025037093474,0.0,-0.29288443422671984,0.0,-0.22867659730747292,0.0,-0.0878325663173154,0.0,0.27799293080925924,0.0,0.31573266042591985,0.0,0.13643080583344247,0.0,0.43672679097522016,0.0,-0.011067797375215349,0.0,0.5149189648893326,0.0,0.5134298075983503,0.0,-0.3596806705903277,0.0,1.0,1.0,0.0
0.0,-0.3602030756500305,0.0,-0.2823111365701876,0.0,-0.22019017696688215,0.0,-0.11905324141210327,0.0,0.25352892000174077,0.0,0.31373331435249385,0.0,0.13793533516876266,0.0,0.47824775337389536,0.0,0.02524773285955373,0.0,0.5150248240151929,0.0,0.5136078259223886,0.0,-0.3593661377027524,1.0,1.0,1.0,0.0
0.0,-0.3643398026920184,0.0,-0.27133000339506586,0.0,-0.21133690152885576,0.0,-0.15125506977328174,0.0,0.22882296762958498,0.0,0.31122121893331967,0.0,0.13891442390593145,0.0,0.5200226864836606,0.0,0.06235694822329663,0.0,0.5151297378423516,0.0,0.513766411423104,0.0,-0.35863895514745225,1.0,1.0,1.0,0.0
0.0,-0.36823305722222033,0.0,-0.25996663385514296,0.0,-0.2021729095696707,0.0,-0.18252189551489773,0.0,0.20384950513594324,0.0,0.3082225224524233,0.0,0.1394381180732207,0.0,0.5548656013399151,0.0,0.10026192113493426,0.0,0.5152341025392722,0.0,0.5139110894718248,0.0,-0.3526419395135041,1.0,1.0,1.0,0.0
0.0,-0.37187320764521603,0.0,-0.24824437729661808,0.0,-0.19274103149233435,0.0,-0.20250485136182128,0.0,0.17858185340330168,0.0,0.30476079222943175,0.0,0.13955908841261833,0.0,0.5435817314452223,0.0,0.1389622103428545,0.0,0.5153382492627663,0.0,0.5140459271815652,0.0,-0.3177990246572495,1.0,1.0,1.0,0.0
