FL A1 DF 1,FL A1 DF 2,FL A2 DF 1,FL A2 DF 2,FL A3 DF 1,FL A3 DF 2,FR A1 DF 1,FR A1 DF 2,FR A2 DF 1,FR A2 DF 2,FR A3 DF 1,FR A3 DF 2,BL A1 DF 1,BL A1 DF 2,BL A2 DF 1,BL A2 DF 2,BL A3 DF 1,BL A3 DF 2,BR A1 DF 1,BR A1 DF 2,BR A2 DF 1,BR A2 DF 2,BR A3 DF 1,BR A3 DF 2,SP A1 DF 1,SP A1 DF 2,SP A2 DF 1,SP A2 DF 2
-1.0482044219970703,-0.03552526235580444,-2.5883922576904297,0.0156203992664814,-1.128646731376648,-0.00022382778115570545,-0.8434970378875732,0.002989569678902626,-2.4268503189086914,0.051629312336444855,-1.084341049194336,-0.0009860917925834656,-0.839065432548523,0.024922937154769897,-2.501769542694092,0.012248056009411812,-1.0586004257202148,0.01775062084197998,-1.0888051986694336,0.00011244043707847595,-2.5551304817199707,0.00961214303970337,-1.0919445753097534,0.021811261773109436,-0.030840203166007996,0.0070646051317453384,0.028067857027053833,-0.016183815896511078
-1.0068364143371582,-0.01119346171617508,-2.3725733757019043,0.0034424569457769394,-1.1658530235290527,-0.008063562214374542,-0.7628066539764404,-0.000646613072603941,-2.434718608856201,0.01461648941040039,-1.2661261558532715,-0.006305798888206482,-0.7642967104911804,0.014559239149093628,-2.503852128982544,-0.003367967903614044,-1.2586816549301147,0.008638039231300354,-1.0355175733566284,-0.009046696126461029,-2.386718988418579,0.004534468054771423,-1.1610623598098755,-0.002823673654347658,-0.013216488063335419,-0.008614195510745049,0.005318999290466309,-0.008685972541570663
-1.006394386291504,-0.009154647588729858,-2.385779619216919,0.0037421155720949173,-1.1524211168289185,-0.008422844111919403,-0.7591440677642822,-0.0010588611476123333,-2.3781046867370605,0.013635024428367615,-1.1649110317230225,-0.006973281502723694,-0.7602919936180115,0.013945713639259338,-2.442896842956543,-0.0021995361894369125,-1.1498106718063354,0.007368393242359161,-1.034600853919983,-0.009024016559123993,-2.395665407180786,0.0041218101978302,-1.14189875125885,-0.003677403787150979,-0.012049689888954163,-0.01017521321773529,0.004050813615322113,-0.007826071232557297
-1.0162670612335205,-0.007419370114803314,-2.516117811203003,-0.0050615668296813965,-1.1862908601760864,-0.019417235627770424,-0.7948744893074036,0.0075988564640283585,-2.3411104679107666,0.030462175607681274,-1.0149726867675781,-0.012617826461791992,-0.7988201975822449,0.020883306860923767,-2.4006803035736084,0.01544901356101036,-0.9761754274368286,0.012387707829475403,-1.058283805847168,-0.003575701266527176,-2.496115207672119,-0.004367709159851074,-1.1527601480484009,0.005121993832290173,-0.010425381362438202,-0.004357310011982918,0.007106028497219086,-0.011405277997255325
-1.0452988147735596,-0.008116833865642548,-2.583686351776123,0.004406873136758804,-1.2060433626174927,-0.009702131152153015,-0.8007454872131348,-0.00737368268892169,-2.2948596477508545,0.026490360498428345,-0.8689371347427368,-0.013045839965343475,-0.8014020323753357,0.01720932126045227,-2.3381693363189697,0.016752030700445175,-0.8065600991249084,0.006011150777339935,-1.07954740524292,-0.013979040086269379,-2.566453456878662,-0.0022708848118782043,-1.1669565439224243,-0.0026640300638973713,-0.01670113205909729,-0.010302051901817322,0.013891264796257019,-0.012814491987228394
-1.0456172227859497,-0.006580624729394913,-2.5899345874786377,0.005824709311127663,-1.1889874935150146,-0.008116952143609524,-0.7975317239761353,-0.009188001975417137,-2.2449662685394287,0.026002466678619385,-0.782621443271637,-0.014640338718891144,-0.7956281304359436,0.015985742211341858,-2.2836594581604004,0.019998177886009216,-0.7137210965156555,0.004198163747787476,-1.0773149728775024,-0.014400295913219452,-2.567901372909546,-0.0032243654131889343,-1.1455669403076172,-0.003487745765596628,-0.015519276261329651,-0.012210896238684654,0.014000892639160156,-0.011883486062288284
-1.0353690385818481,-0.003944430500268936,-2.5847764015197754,0.004671379923820496,-1.1871669292449951,-0.010322638787329197,-0.7846546769142151,-0.007773113902658224,-2.1609947681427,0.02275741845369339,-0.6650468707084656,-0.012327052652835846,-0.7837786078453064,0.014148905873298645,-2.195913076400757,0.017947690561413765,-0.5922921299934387,0.002486594021320343,-1.0644291639328003,-0.012869544327259064,-2.5597481727600098,-0.0045415982604026794,-1.1398372650146484,-0.0042829206213355064,-0.012898914515972137,-0.012809449806809425,0.010081186890602112,-0.010412383824586868
-1.0204133987426758,-0.0008704252541065216,-2.573394298553467,0.002524023875594139,-1.1916258335113525,-0.013952335342764854,-0.767406702041626,-0.0051140873692929745,-2.0620944499969482,0.018322862684726715,-0.5347952842712402,-0.008379228413105011,-0.7688418626785278,0.011928066611289978,-2.0935354232788086,0.013818356208503246,-0.4595232307910919,0.0007228478789329529,-1.0464571714401245,-0.010521400719881058,-2.5460782051086426,-0.0061170607805252075,-1.1407612562179565,-0.005069180391728878,-0.009611941874027252,-0.01287601888179779,0.0045330822467803955,-0.0086786188185215
-1.0098440647125244,0.0015796832740306854,-2.5634875297546387,0.0018534362316131592,-1.1885485649108887,-0.015283975750207901,-0.754027247428894,-0.004318839404731989,-1.9786313772201538,0.015148743987083435,-0.4220190644264221,-0.0063305869698524475,-0.7554325461387634,0.00966617465019226,-2.0060875415802,0.012634074315428734,-0.3436136841773987,-0.0013337060809135437,-1.0319850444793701,-0.009124275296926498,-2.532918691635132,-0.007797859609127045,-1.1345409154891968,-0.005866596940904856,-0.006866134703159332,-0.013607736676931381,0.0011245012283325195,-0.007118593901395798
-1.0065144300460815,0.0016628168523311615,-2.555769681930542,0.0033322423696517944,-1.1678218841552734,-0.01452472060918808,-0.7470626831054688,-0.004765569698065519,-1.9357266426086426,0.012982115149497986,-0.35977667570114136,-0.0043563321232795715,-0.7486191391944885,0.008557036519050598,-1.961256980895996,0.009768917225301266,-0.2799931764602661,-0.002427123486995697,-1.0268381834030151,-0.00889911875128746,-2.524951457977295,-0.006441779434680939,-1.1118440628051758,-0.006457406561821699,-0.006930448114871979,-0.014267334714531898,-0.0002126544713973999,-0.0062290094792842865
-1.0081878900527954,-7.511302828788757e-05,-2.5426695346832275,0.006678685545921326,-1.1539435386657715,-0.009071282111108303,-0.7489950656890869,-0.008819269016385078,-1.9348132610321045,0.015291467308998108,-0.36716970801353455,-0.006323032081127167,-0.743998110294342,0.006594203412532806,-1.9575949907302856,0.016625475138425827,-0.2882663309574127,-0.004271700978279114,-1.0218498706817627,-0.009834080934524536,-2.507211685180664,-0.008684463798999786,-1.0996705293655396,-0.005722434259951115,-0.007057912647724152,-0.014680048450827599,0.004166349768638611,-0.006223414093255997
-1.0065184831619263,-0.0006259158253669739,-2.5248451232910156,0.008646272122859955,-1.146881103515625,-0.005684100091457367,-0.7462396621704102,-0.011250307783484459,-1.9284040927886963,0.015388235449790955,-0.3722636103630066,-0.0072476789355278015,-0.7370902895927429,0.004800282418727875,-1.9498579502105713,0.019964739680290222,-0.2954348921775818,-0.005796082317829132,-1.0150460004806519,-0.010282743722200394,-2.4878647327423096,-0.010115690529346466,-1.0949368476867676,-0.005789489485323429,-0.006440840661525726,-0.015326786786317825,0.005955599248409271,-0.005746778100728989
-0.9945021271705627,-0.0017130672931671143,-2.4983859062194824,0.00787278637290001,-1.1516729593276978,-0.007300685625523329,-0.7356642484664917,-0.00906485877931118,-1.899375557899475,0.012946389615535736,-0.3614623248577118,-0.001613907516002655,-0.7287801504135132,0.003371812403202057,-1.9221270084381104,0.013824023306369781,-0.29130035638809204,-0.006018385291099548,-1.0002037286758423,-0.008293487131595612,-2.4637386798858643,-0.009941130876541138,-1.1024481058120728,-0.004993671551346779,-0.0061905235052108765,-0.013095878064632416,0.003341950476169586,-0.005366623401641846
-0.9752306938171387,-0.0028333552181720734,-2.465304136276245,0.005058865994215012,-1.1658247709274292,-0.012489566579461098,-0.7191270589828491,-0.003651111852377653,-1.8550928831100464,0.008431777358055115,-0.3406442403793335,0.008284501731395721,-0.7189837098121643,0.002186782658100128,-1.8810900449752808,0.0010928679257631302,-0.280303418636322,-0.005375862121582031,-0.9798255562782288,-0.004674956202507019,-2.436058521270752,-0.008655697107315063,-1.1197559833526611,-0.003847202518954873,-0.005948223173618317,-0.009139802306890488,-0.002588801085948944,-0.004932444542646408
-0.9589200019836426,-0.002651449292898178,-2.4329161643981934,0.002602342516183853,-1.1808470487594604,-0.016424141824245453,-0.7034242153167725,0.0003730226308107376,-1.819683313369751,0.003798834979534149,-0.32891178131103516,0.015089422464370728,-0.7079554796218872,0.000829450786113739,-1.8484647274017334,-0.008426865562796593,-0.2768428325653076,-0.00528746098279953,-0.9619596600532532,-0.0020173415541648865,-2.408970594406128,-0.008057601749897003,-1.1383992433547974,-0.0037475498393177986,-0.00471467524766922,-0.0069544147700071335,-0.007918231189250946,-0.004089809954166412
-0.952329695224762,-0.0038011334836483,-2.4116404056549072,0.0032745543867349625,-1.1841484308242798,-0.014840234071016312,-0.6988615989685059,-0.00033181672915816307,-1.8047573566436768,0.004044815897941589,-0.33187708258628845,0.016713686287403107,-0.70086270570755,-0.0010741353034973145,-1.832756757736206,-0.006971672177314758,-0.28410810232162476,-0.006398923695087433,-0.9499627947807312,-0.001229211688041687,-2.3858213424682617,-0.01018901914358139,-1.1444714069366455,-0.002770404564216733,-0.004051767289638519,-0.005771631374955177,-0.007007181644439697,-0.003946766257286072
-0.9559260010719299,-0.0025694891810417175,-2.396078586578369,0.005953090265393257,-1.1822844743728638,-0.008671404793858528,-0.6996487975120544,-0.005643350537866354,-1.8157873153686523,0.005355723202228546,-0.3573141396045685,0.00999026745557785,-0.6925545334815979,-0.00341680645942688,-1.8409367799758911,0.004416273906826973,-0.3089399039745331,-0.00905849039554596,-0.9463358521461487,-0.0032603293657302856,-2.3663346767425537,-0.014159761369228363,-1.1458814144134521,-0.00395538192242384,-0.001634441316127777,-0.008954241871833801,-0.0029014647006988525,-0.0030859708786010742
-0.9412714242935181,0.0029096119105815887,-2.330566883087158,0.002627674490213394,-1.1386475563049316,-0.0059445141814649105,-0.6986014246940613,-0.0025501945056021214,-1.8418833017349243,0.01246054470539093,-0.4505723714828491,-0.006211183965206146,-0.6759859323501587,-0.0038100406527519226,-1.872555136680603,0.029303651303052902,-0.41235682368278503,-0.008806087076663971,-0.9272735118865967,0.0020712725818157196,-2.2846803665161133,-0.02391224354505539,-1.1059849262237549,0.0003451398806646466,0.009878575801849365,-0.011912502348423004,-0.0014451518654823303,0.0005306117236614227
-0.9425145387649536,0.00244111567735672,-2.151968002319336,0.01381899043917656,-0.8645548820495605,0.008662451058626175,-0.6771649122238159,-0.014638315886259079,-1.9236518144607544,0.001169249415397644,-0.6312131881713867,-0.011086530983448029,-0.6472797393798828,-0.0071977004408836365,-1.9474294185638428,0.022912463173270226,-0.6076112389564514,-0.012634329497814178,-0.9218567609786987,-0.0068548694252967834,-2.1260323524475098,-0.012542426586151123,-0.8437697887420654,-0.008331185206770897,0.00633404403924942,-0.020807242020964622,0.0006548985838890076,0.0035340897738933563
-0.9361958503723145,0.003907281905412674,-2.081951141357422,0.011181365698575974,-0.6720121502876282,0.00511159235611558,-0.6777591109275818,-0.011769749224185944,-1.9501508474349976,0.002309054136276245,-0.6772736310958862,-0.013173170387744904,-0.6513530611991882,-0.004041045904159546,-1.9667389392852783,0.022354818880558014,-0.6543101072311401,-0.010107822716236115,-0.9236837029457092,-0.0069974809885025024,-2.0533995628356934,-0.00958302617073059,-0.6448343992233276,-0.007633877918124199,0.005515143275260925,-0.02003246732056141,-0.0006712749600410461,0.0029789917171001434
-0.9428299069404602,-0.015513177961111069,-2.0839202404022217,0.022913899272680283,-0.3522954285144806,0.01276109367609024,-0.7180958986282349,-0.003011879976838827,-1.9406678676605225,0.02743668109178543,-0.6038730144500732,-0.009221188724040985,-0.6863139271736145,0.005458861589431763,-1.9655300378799438,0.02590513601899147,-0.5870643854141235,-0.0003697425127029419,-0.944034218788147,0.004895836114883423,-2.020617723464966,0.004237741231918335,-0.2999923825263977,0.014074204489588737,-0.006793320178985596,-0.008832035586237907,0.011210784316062927,0.0014489777386188507
-0.935645341873169,-0.014622390270233154,-2.0044243335723877,0.02126406505703926,-0.17212682962417603,0.011126987636089325,-0.716877281665802,-0.0018257074989378452,-1.9709434509277344,0.028208866715431213,-0.6678229570388794,-0.0111599862575531,-0.6865355968475342,0.007311120629310608,-1.9883630275726318,0.026536285877227783,-0.6539421677589417,0.0011709854006767273,-0.9413847923278809,0.004186917096376419,-1.939274549484253,0.006102055311203003,-0.11645327508449554,0.014439910650253296,-0.007472880184650421,-0.00815529190003872,0.011008672416210175,0.0009226202964782715
-0.9439002275466919,-0.013425186276435852,-1.9587242603302002,0.022062797099351883,0.035528961569070816,0.012356407940387726,-0.7281370162963867,-0.0040665785782039165,-2.0168135166168213,0.03187932074069977,-0.7082777619361877,-0.01842162013053894,-0.6967346668243408,0.010672345757484436,-2.0231475830078125,0.03315636143088341,-0.6871867179870605,0.0026028454303741455,-0.9571269154548645,0.0008141100406646729,-1.887735366821289,0.009031608700752258,0.1002233624458313,0.013995412737131119,-0.009784869849681854,-0.009999318048357964,0.014434173703193665,-0.00014344602823257446
-0.9474191069602966,-0.013235904276371002,-1.8807759284973145,0.023855313658714294,0.24260137975215912,0.016114242374897003,-0.7352091670036316,-0.007475028280168772,-2.0807509422302246,0.03508945554494858,-0.8068869709968567,-0.025666065514087677,-0.6996657252311707,0.012472927570343018,-2.077739953994751,0.04099129140377045,-0.7861555218696594,0.003294117748737335,-0.9635212421417236,-0.002452544867992401,-1.8058021068572998,0.010849729180335999,0.31038278341293335,0.01376008428633213,-0.011391937732696533,-0.01163318008184433,0.018893472850322723,-0.0008267536759376526
-0.9433354139328003,-0.013415880501270294,-1.826788306236267,0.021961387246847153,0.37202775478363037,0.016206461936235428,-0.7449320554733276,-0.006016238126903772,-2.131767749786377,0.04214952141046524,-0.8986785411834717,-0.031749144196510315,-0.7051801085472107,0.014665022492408752,-2.124852418899536,0.052060313522815704,-0.8817206025123596,0.00538528710603714,-0.9620130062103271,-0.0013056248426437378,-1.741636037826538,0.008162185549736023,0.44236063957214355,0.017525166273117065,-0.010348901152610779,-0.009868703782558441,0.022548727691173553,-0.0017301961779594421
-0.9186953902244568,0.006843233481049538,-1.7164396047592163,0.0061598774045705795,0.37340256571769714,0.0005711549893021584,-0.6998772621154785,-0.005142339039593935,-2.1338231563568115,0.018451906740665436,-0.9733321666717529,-0.03445111960172653,-0.6742456555366516,0.011166781187057495,-2.1123058795928955,0.04041747748851776,-0.9540121555328369,0.0012642666697502136,-0.9396892786026001,-0.009162303060293198,-1.6601464748382568,0.002693071961402893,0.43277508020401,-0.00024849799228832126,0.00047082453966140747,-0.01809781603515148,0.004873089492321014,0.00019179284572601318
-0.9074390530586243,0.009508322924375534,-1.6757655143737793,0.002510352060198784,0.39797085523605347,-0.005220339633524418,-0.6829213500022888,-0.004051913972944021,-2.11129093170166,0.009955987334251404,-0.9658746719360352,-0.02747100591659546,-0.6663611531257629,0.009913831949234009,-2.083812713623047,0.027622569352388382,-0.9477840662002563,0.0003982335329055786,-0.9291564226150513,-0.011145517230033875,-1.6307651996612549,0.004305601119995117,0.45525091886520386,-0.004713774658739567,-5.768239498138428e-05,-0.017475826665759087,-0.0012179315090179443,-0.00024039298295974731
-0.8953803777694702,0.011005561798810959,-1.6342599391937256,2.2502616047859192e-05,0.3667750358581543,-0.007987761870026588,-0.6662784814834595,-0.0037460937164723873,-2.10870623588562,0.002718508243560791,-1.0078240633010864,-0.021964512765407562,-0.6541497111320496,0.007399611175060272,-2.080824613571167,0.01868801936507225,-0.9973925352096558,-0.0009571537375450134,-0.9132901430130005,-0.012126602232456207,-1.6005878448486328,0.003781914710998535,0.41585081815719604,-0.008073925040662289,0.0008812248706817627,-0.01691560260951519,-0.005556449294090271,-7.671117782592773e-05
-0.8934728503227234,0.009051302447915077,-1.6282868385314941,-0.00041593052446842194,0.30854332447052,-0.0076981219463050365,-0.6657381653785706,-0.004270865116268396,-2.143205165863037,0.002155199646949768,-1.0835976600646973,-0.019008181989192963,-0.654094934463501,0.0063143447041511536,-2.1185436248779297,0.016508184373378754,-1.0804226398468018,-0.0010402947664260864,-0.9081063270568848,-0.012447267770767212,-1.599890947341919,0.0024118572473526,0.35007625818252563,-0.008011491037905216,9.050965309143066e-05,-0.014963649213314056,-0.004648759961128235,-0.0010489672422409058
-0.8940754532814026,0.005671344697475433,-1.628243327140808,0.0013883356004953384,0.2161077857017517,-0.003744683228433132,-0.6677670478820801,-0.005621017422527075,-2.1953318119049072,0.003344811499118805,-1.1916108131408691,-0.01833955943584442,-0.6519575715065002,0.004776179790496826,-2.1796510219573975,0.01791483163833618,-1.20005464553833,-0.001209065318107605,-0.9028921127319336,-0.011810697615146637,-1.604306697845459,0.0007223039865493774,0.24648092687129974,-0.006666673347353935,4.347413778305054e-05,-0.013754548504948616,-0.001780197024345398,-0.001188274472951889
-0.8950715661048889,0.0021501854062080383,-1.6321252584457397,0.002215879037976265,0.13387376070022583,-0.0013252670178189874,-0.6719702482223511,-0.006715442519634962,-2.2466249465942383,0.0051081180572509766,-1.2921916246414185,-0.01652161031961441,-0.6538991928100586,0.003696650266647339,-2.2372207641601562,0.01872289553284645,-1.3100049495697021,-0.0010793209075927734,-0.8992732763290405,-0.011595293879508972,-1.6118006706237793,-0.0012878328561782837,0.15494145452976227,-0.005206163972616196,-0.0009202361106872559,-0.011468589305877686,0.001279674470424652,-0.0022381171584129333
-0.885004460811615,0.0016201585531234741,-1.599017858505249,0.0010484512895345688,0.06226719915866852,-0.0014571298379451036,-0.6599789261817932,-0.0071739754639565945,-2.265774726867676,0.0005252286791801453,-1.3736543655395508,-0.01194310188293457,-0.6427162885665894,0.0007276609539985657,-2.2599754333496094,0.01352725736796856,-1.4031379222869873,-0.002394750714302063,-0.882536768913269,-0.01182335615158081,-1.5884275436401367,-0.0033326223492622375,0.07153478264808655,-0.006831182166934013,8.34539532661438e-05,-0.010172111913561821,-0.00039565563201904297,-0.002219684422016144
-0.8655925393104553,0.0022978894412517548,-1.5418344736099243,-0.002502189949154854,-0.004103753250092268,-0.0049170833081007,-0.6378912925720215,-0.0064388965256512165,-2.261517286300659,-0.007841303944587708,-1.4419801235198975,-0.0030882880091667175,-0.625521183013916,-0.003385215997695923,-2.256164312362671,0.0026903022080659866,-1.4848453998565674,-0.004326574504375458,-0.8553155660629272,-0.012138038873672485,-1.5447871685028076,-0.005914650857448578,-0.00789383053779602,-0.009896503761410713,0.0015089288353919983,-0.00771733745932579,-0.005258768796920776,-0.0023854970932006836
-0.8496041297912598,0.0003438703715801239,-1.530000925064087,-0.005943119525909424,-0.11017262190580368,-0.008873214945197105,-0.6273705363273621,-0.0020951409824192524,-2.256089448928833,-0.010076247155666351,-1.4875867366790771,0.005291737616062164,-0.6187551021575928,-0.005299657583236694,-2.2581498622894287,-0.004972055554389954,-1.5437085628509521,-0.0038872957229614258,-0.8348420858383179,-0.008605662733316422,-1.5387461185455322,-0.008592642843723297,-0.12334022670984268,-0.00806056521832943,0.0026833564043045044,-0.002966012805700302,-0.00856587290763855,-0.0027258768677711487
-0.8493545651435852,-0.001760721206665039,-1.5572502613067627,-0.006344908848404884,-0.2501441538333893,-0.008872589096426964,-0.6268512606620789,-0.0008500902913510799,-2.2879161834716797,-0.011056795716285706,-1.5545141696929932,0.00852964073419571,-0.6188365817070007,-0.0061743855476379395,-2.301018238067627,-0.00893654115498066,-1.6196926832199097,-0.0034283921122550964,-0.8319779634475708,-0.007151350378990173,-1.573420524597168,-0.009447254240512848,-0.27301132678985596,-0.007458948530256748,0.0029359161853790283,-0.0014435462653636932,-0.0091024711728096,-0.0027889907360076904
-0.8732196092605591,-0.0032845549285411835,-1.5822415351867676,-0.004343448206782341,-0.17103220522403717,-0.0064187804237008095,-0.6525062918663025,-0.0032364665530622005,-2.396564245223999,-0.00497494637966156,-1.6589562892913818,0.0006143748760223389,-0.6439022421836853,-0.000984683632850647,-2.4095489978790283,-0.003226572647690773,-1.7179362773895264,-0.00022901594638824463,-0.8665531277656555,-0.010761182755231857,-1.5978145599365234,-0.005014985799789429,-0.18939191102981567,-0.0071743507869541645,-0.0015422925353050232,-0.0030971188098192215,-0.0033421888947486877,-0.004807531833648682
-0.8874952793121338,-0.00695568323135376,-1.6131861209869385,-0.001818038523197174,-0.2352321594953537,-0.00225168582983315,-0.6679869294166565,-0.005748950410634279,-2.483203649520874,-0.0009855926036834717,-1.7756098508834839,-0.0019317865371704102,-0.6562647223472595,0.00018239766359329224,-2.5034234523773193,0.00028748996555805206,-1.838769793510437,0.0009789839386940002,-0.8811439275741577,-0.012151926755905151,-1.6319210529327393,-0.004506118595600128,-0.259791761636734,-0.006058876868337393,-0.004127092659473419,-0.002766212448477745,0.0019290745258331299,-0.0061575621366500854
-0.9091305732727051,-0.007733240723609924,-1.6558752059936523,-0.0002379976212978363,-0.2104378640651703,-0.0016566903796046972,-0.6858431696891785,-0.00744583597406745,-2.557058811187744,0.0009108781814575195,-1.8273807764053345,-0.005822040140628815,-0.6771385073661804,0.004363678395748138,-2.5785107612609863,-0.0009282752871513367,-1.883144497871399,0.003394022583961487,-0.9128988981246948,-0.015664905309677124,-1.679091453552246,0.0010485649108886719,-0.23121853172779083,-0.007542322855442762,-0.008557714521884918,-0.004716983065009117,0.004411481320858002,-0.007656451314687729
-0.9094862937927246,-0.009636446833610535,-1.6758478879928589,-0.002064114436507225,-0.27460402250289917,-0.004021467640995979,-0.6911011338233948,-0.0041182073764503,-2.5970890522003174,0.002492949366569519,-1.8918588161468506,-0.0037577450275421143,-0.6851055026054382,0.00592031329870224,-2.626680850982666,-0.004057001322507858,-1.953717589378357,0.0057026296854019165,-0.9163620471954346,-0.013719014823436737,-1.7023708820343018,0.0014883875846862793,-0.29923224449157715,-0.005519263446331024,-0.009221315383911133,-0.002228856086730957,0.0039075687527656555,-0.008418124169111252
-0.9153973460197449,-0.010851435363292694,-1.714009404182434,-0.0040756333619356155,-0.29285380244255066,-0.007838591933250427,-0.7022736668586731,-3.980705514550209e-05,-2.6282131671905518,0.005530565977096558,-1.910757303237915,-0.003137335181236267,-0.7009627819061279,0.009552061557769775,-2.6630537509918213,-0.006934592500329018,-1.9713655710220337,0.009053133428096771,-0.9308134913444519,-0.01211053878068924,-1.740502119064331,0.0039047300815582275,-0.3141983151435852,-0.0033006875310093164,-0.011021271347999573,-0.0002615544945001602,0.0033069849014282227,-0.00951354205608368
-0.9243113398551941,-0.012533705681562424,-1.764329433441162,-0.0048880986869335175,-0.33174845576286316,-0.00935394037514925,-0.717303991317749,0.0027937148697674274,-2.661115884780884,0.010758422315120697,-1.927969217300415,-0.004811771214008331,-0.7169862389564514,0.012764468789100647,-2.702082872390747,-0.004796573892235756,-1.986611008644104,0.011917859315872192,-0.9460906982421875,-0.010308317840099335,-1.7872593402862549,0.004671946167945862,-0.35011518001556396,-0.00021508429199457169,-0.01217411458492279,0.0012370124459266663,0.004863470792770386,-0.01044154167175293
-0.946052074432373,-0.014446787536144257,-1.8359490633010864,-0.003383200615644455,-0.38810035586357117,-0.00806616060435772,-0.7383781671524048,0.0015460159629583359,-2.7292640209198,0.015081189572811127,-1.9737904071807861,-0.008518151938915253,-0.7385569214820862,0.016172006726264954,-2.7755353450775146,-0.0024920031428337097,-2.026451349258423,0.014118924736976624,-0.9747804999351501,-0.012125469744205475,-1.8601655960083008,0.007149249315261841,-0.40488433837890625,0.00021057657431811094,-0.015486106276512146,0.0004853028804063797,0.008709624409675598,-0.012012392282485962
-0.9638945460319519,-0.01672697812318802,-1.892073631286621,-0.0003919806331396103,-0.45950013399124146,-0.003897267859429121,-0.7545594573020935,-0.0015291091986000538,-2.783104419708252,0.019000761210918427,-2.018747091293335,-0.012413591146469116,-0.7512229084968567,0.017360687255859375,-2.8345420360565186,0.0025900378823280334,-2.0685648918151855,0.014640122652053833,-0.9935553073883057,-0.013766027987003326,-1.916412115097046,0.007550537586212158,-0.4780197739601135,0.0006737839430570602,-0.017505735158920288,-0.0006701387465000153,0.013614781200885773,-0.012879811227321625
-0.9803466200828552,-0.017606221139431,-1.9661681652069092,0.0021027345210313797,-0.5429046750068665,-0.0012222257209941745,-0.7673922777175903,-0.0037853517569601536,-2.7911267280578613,0.021835103631019592,-1.983292579650879,-0.015466272830963135,-0.7617233991622925,0.018251746892929077,-2.8460793495178223,0.0066496822983026505,-2.025151014328003,0.014570072293281555,-1.0112346410751343,-0.014746107161045074,-1.9884135723114014,0.007753685116767883,-0.5592054128646851,0.0007436798186972737,-0.01863957941532135,-0.0023710913956165314,0.016647957265377045,-0.013164032250642776
-0.9835284352302551,-0.017002098262310028,-2.028867244720459,0.001875322312116623,-0.6621893048286438,-0.00255161733366549,-0.7663844227790833,-0.002916888799518347,-2.747422456741333,0.020518794655799866,-1.8970613479614258,-0.013341233134269714,-0.7621365785598755,0.017537638545036316,-2.806546211242676,0.004288563504815102,-1.9338971376419067,0.013848580420017242,-1.0136011838912964,-0.01361478865146637,-2.0516393184661865,0.006902188062667847,-0.677638828754425,0.0003234731266275048,-0.017721548676490784,-0.002801142632961273,0.014762818813323975,-0.012610942125320435
-0.9855255484580994,-0.015093870460987091,-2.1035032272338867,3.2745301723480225e-05,-0.7728052139282227,-0.006892342120409012,-0.7644962668418884,0.00014819251373410225,-2.680400848388672,0.018663763999938965,-1.7632051706314087,-0.010479539632797241,-0.764715313911438,0.017850250005722046,-2.742861270904541,-0.0003293585032224655,-1.7912073135375977,0.013817988336086273,-1.018311619758606,-0.011668011546134949,-2.1257219314575195,0.006877407431602478,-0.7831925749778748,-9.72786801867187e-05,-0.016491934657096863,-0.0031265374273061752,0.010605260729789734,-0.011915456503629684
-0.9840290546417236,-0.012417420744895935,-2.286625385284424,-0.012835158035159111,-0.9934386014938354,-0.024602245539426804,-0.7863684296607971,0.01439741812646389,-2.5735507011413574,0.030046187341213226,-1.5243570804595947,-0.006843887269496918,-0.7965564727783203,0.02298314869403839,-2.639638662338257,0.005595501512289047,-1.5313504934310913,0.01856030523777008,-1.0288325548171997,-0.0022420622408390045,-2.285557985305786,-0.0031908079981803894,-0.9847316145896912,0.0084877610206604,-0.012467868626117706,0.00510826800018549,0.006344683468341827,-0.014637425541877747
-0.9945091605186462,-0.011623315513134003,-2.360388994216919,-0.011482208035886288,-1.0757139921188354,-0.024072792381048203,-0.7917837500572205,0.013505136594176292,-2.5323173999786377,0.030749112367630005,-1.4173545837402344,-0.008067652583122253,-0.8013868927955627,0.023138374090194702,-2.599752426147461,0.0073357317596673965,-1.4136754274368286,0.01778171956539154,-1.04008150100708,-0.0022749826312065125,-2.3560266494750977,-0.0033709630370140076,-1.0619648694992065,0.008017523214221,-0.012270867824554443,0.0032488862052559853,0.006559848785400391,-0.014183685183525085
-0.9989916086196899,-0.012836743146181107,-2.420347213745117,-0.008479652926325798,-1.2533047199249268,-0.01987079530954361,-0.7890163660049438,0.010067034512758255,-2.4953813552856445,0.029349632561206818,-1.3608067035675049,-0.006200484931468964,-0.7941180467605591,0.019376277923583984,-2.5684266090393066,0.008817971684038639,-1.3564223051071167,0.014673769474029541,-1.034943699836731,-0.0022174865007400513,-2.417520523071289,-0.006798774003982544,-1.2457131147384644,0.007182483095675707,-0.01104222983121872,0.0022004293277859688,0.008004717528820038,-0.013374671339988708
-1.0130678415298462,-0.01347535103559494,-2.4758152961730957,-0.005025172606110573,-1.308011531829834,-0.015589836984872818,-0.7987492680549622,0.0065393103286623955,-2.4908974170684814,0.03189978003501892,-1.3153225183486938,-0.009973354637622833,-0.7993682622909546,0.019274279475212097,-2.5649778842926025,0.014761427417397499,-1.303229570388794,0.01363103836774826,-1.047681450843811,-0.0035052746534347534,-2.4692282676696777,-0.007202811539173126,-1.2981252670288086,0.007016513030976057,-0.011629819869995117,-0.00010892190039157867,0.011598765850067139,-0.013224557042121887
-1.0037415027618408,-0.016277041286230087,-2.3972513675689697,0.006684467196464539,-1.4645360708236694,-0.000332127558067441,-0.75563645362854,-0.0055918400175869465,-2.477576971054077,0.012467704713344574,-1.4014371633529663,-0.0012424662709236145,-0.748674213886261,0.00749930739402771,-2.5625252723693848,-0.0022422410547733307,-1.4141342639923096,0.004813782870769501,-1.0125572681427002,-0.008557859808206558,-2.4228219985961914,-0.0029238685965538025,-1.4854589700698853,-0.0028614799957722425,-0.011324897408485413,-0.006814304739236832,0.00927726924419403,-0.008502479642629623
-0.9895382523536682,-0.017133276909589767,-2.425184965133667,0.004430282860994339,-1.6785885095596313,-0.0032458535861223936,-0.7386342883110046,-0.0025348239578306675,-2.4301750659942627,0.006715737283229828,-1.378015160560608,0.008497238159179688,-0.734754204750061,0.0034105032682418823,-2.5259172916412354,-0.012103654444217682,-1.4012784957885742,0.0031983479857444763,-0.9897863864898682,-0.005064148455858231,-2.4598255157470703,-0.006356097757816315,-1.7111656665802002,-0.0030434823129326105,-0.00866468995809555,-0.004051472991704941,0.0041979774832725525,-0.007568489760160446
-0.974366307258606,-0.017564136534929276,-2.4503674507141113,0.0016871709376573563,-1.879483699798584,-0.006995329633355141,-0.7209177017211914,0.0011278199963271618,-2.3779070377349854,0.0007210373878479004,-1.3460392951965332,0.01835639774799347,-0.720970869064331,-0.0003744587302207947,-2.483781337738037,-0.022620514035224915,-1.3792011737823486,0.001798883080482483,-0.967094361782074,-0.0014135465025901794,-2.493847131729126,-0.009447462856769562,-1.9225586652755737,-0.0032712446991354227,-0.005920179188251495,-0.0012691058218479156,-0.0015531033277511597,-0.00658373162150383
-0.9961711764335632,-0.016198311001062393,-2.5058305263519287,0.006521206349134445,-1.937259316444397,-0.0007406709482893348,-0.7294478416442871,-0.004954513628035784,-2.404249668121338,-0.00013008713722229004,-1.336470127105713,0.010996043682098389,-0.7245362401008606,-0.0003251805901527405,-2.51267671585083,-0.017740946263074875,-1.360767126083374,0.00017780065536499023,-0.9891024827957153,-0.005477074533700943,-2.5528416633605957,-0.007362678647041321,-1.9807146787643433,-0.0070698861964046955,-0.0063596367835998535,-0.007521858438849449,0.0014347359538078308,-0.00554971769452095
-1.0015684366226196,-0.017704710364341736,-2.528623104095459,0.006899870932102203,-1.9541269540786743,-0.0005355027969926596,-0.7372695803642273,-0.004614669363945723,-2.4232282638549805,0.0024517253041267395,-1.3497848510742188,0.01065739244222641,-0.7324278354644775,0.0008813366293907166,-2.5337846279144287,-0.01673564687371254,-1.373244285583496,0.0012339800596237183,-0.9965084195137024,-0.005198676139116287,-2.5742640495300293,-0.006916627287864685,-1.9967098236083984,-0.005716693587601185,-0.007638856768608093,-0.006653733551502228,0.003063388168811798,-0.006275638937950134
-1.0133392810821533,-0.01955985277891159,-2.5638015270233154,0.009030461311340332,-1.9853432178497314,0.0022035427391529083,-0.7489197850227356,-0.006493453402072191,-2.4567441940307617,0.0056558772921562195,-1.374214768409729,0.008219368755817413,-0.7418459057807922,0.001933358609676361,-2.5699615478515625,-0.013240914791822433,-1.3953464031219482,0.0017837658524513245,-1.0093803405761719,-0.006147291511297226,-2.6083483695983887,-0.006356671452522278,-2.0278985500335693,-0.004961333703249693,-0.009364031255245209,-0.007091071456670761,0.006594844162464142,-0.006988309323787689
-1.0229793787002563,-0.020477626472711563,-2.597243547439575,0.010369990020990372,-2.0126793384552,0.0035930932499468327,-0.7575688362121582,-0.007415828760713339,-2.477787971496582,0.007618412375450134,-1.3803679943084717,0.006330832839012146,-0.7496953010559082,0.0030832961201667786,-2.5934629440307617,-0.011546127498149872,-1.3985099792480469,0.0023970380425453186,-1.0211255550384521,-0.006777830421924591,-2.6414525508880615,-0.0053497254848480225,-2.05428147315979,-0.004671120550483465,-0.01058342307806015,-0.007771920412778854,0.008494921028614044,-0.007363229990005493
-1.0299028158187866,-0.019686631858348846,-2.629798412322998,0.01056806743144989,-2.0356180667877197,0.0029671303927898407,-0.7613584995269775,-0.007002345751971006,-2.4785258769989014,0.00737985223531723,-1.354800820350647,0.005011424422264099,-0.7548815011978149,0.004380621016025543,-2.5963685512542725,-0.0126715786755085,-1.3684115409851074,0.00302065908908844,-1.0318388938903809,-0.0070672594010829926,-2.6751351356506348,-0.0035089030861854553,-2.0747203826904297,-0.00538319256156683,-0.010922320187091827,-0.009185923263430595,0.007724836468696594,-0.00709957629442215
-1.0239977836608887,-0.01797030121088028,-2.621199131011963,0.008715152740478516,-2.023423671722412,-3.410829231142998e-05,-0.7546710968017578,-0.00475620711222291,-2.4524450302124023,0.004968136548995972,-1.3210445642471313,0.0066251009702682495,-0.7512576580047607,0.0045037418603897095,-2.5696890354156494,-0.016517668962478638,-1.3341948986053467,0.003218337893486023,-1.0277113914489746,-0.006169106811285019,-2.6678237915039062,-0.0028162747621536255,-2.0608537197113037,-0.0060366177931427956,-0.00988169014453888,-0.009219612926244736,0.004345506429672241,-0.006498325616121292
-1.005027413368225,-0.01763109862804413,-2.578963279724121,0.003453606739640236,-1.9597997665405273,-0.007553978357464075,-0.745867908000946,0.002021363005042076,-2.4170541763305664,0.004552021622657776,-1.299775242805481,0.012765593826770782,-0.7491183280944824,0.005411095917224884,-2.53185772895813,-0.022884096950292587,-1.3177417516708374,0.005175374448299408,-1.011971116065979,-0.0023783259093761444,-2.623063564300537,-0.0032590553164482117,-1.993943214416504,-0.0033836138900369406,-0.009106911718845367,-0.004541691392660141,-0.00039336085319519043,-0.006984896957874298
-1.0172369480133057,-0.016606666147708893,-2.5586745738983154,0.0045108310878276825,-1.7626539468765259,-0.006563930306583643,-0.7619519829750061,0.000760088674724102,-2.4572079181671143,0.009996503591537476,-1.312315821647644,0.00439278781414032,-0.7640584707260132,0.009913012385368347,-2.562772750854492,-0.015139173716306686,-1.3200480937957764,0.00738159567117691,-1.034152865409851,-0.004875469952821732,-2.5941874980926514,0.00033883750438690186,-1.78469717502594,-0.002779322676360607,-0.011527128517627716,-0.006567258387804031,0.0032583102583885193,-0.007911808788776398
-1.0529968738555908,-0.03806222230195999,-2.5827088356018066,0.02281259000301361,-1.3149762153625488,0.010209625586867332,-0.8319211602210999,0.002402366604655981,-2.5306570529937744,0.04465737193822861,-1.2923504114151,-0.004822976887226105,-0.8193507194519043,0.023127809166908264,-2.639254331588745,0.00475919246673584,-1.2947934865951538,0.018117502331733704,-1.088876485824585,0.002433992922306061,-2.5731258392333984,0.01681523025035858,-1.3036879301071167,0.019975610077381134,-0.027754202485084534,0.0006409026682376862,0.025745056569576263,-0.010653901845216751
-1.0639126300811768,-0.03696133941411972,-2.5333991050720215,0.024955250322818756,-1.0671532154083252,0.013217639178037643,-0.8463281989097595,-0.0007363255135715008,-2.575711965560913,0.0500580295920372,-1.322312355041504,-0.014597423374652863,-0.8303431272506714,0.026925280690193176,-2.6716513633728027,0.014847029000520706,-1.3154574632644653,0.019538231194019318,-1.1077038049697876,-0.0011198483407497406,-2.514292001724243,0.020147621631622314,-1.044205665588379,0.02009977214038372,-0.030164197087287903,-0.0020559318363666534,0.030665002763271332,-0.011467952281236649
-1.0470235347747803,-0.012975674122571945,-2.4288735389709473,0.009198829531669617,-1.066571593284607,-0.0004169235471636057,-0.8026369214057922,-0.006109411362558603,-2.5759263038635254,0.02508847415447235,-1.3778698444366455,-0.022315487265586853,-0.7975332736968994,0.021520301699638367,-2.6465322971343994,0.011271785013377666,-1.3581217527389526,0.01221204549074173,-1.0889970064163208,-0.014043331146240234,-2.4374284744262695,0.01036176085472107,-1.0537168979644775,-0.002097883028909564,-0.01822333037853241,-0.013674501329660416,0.015550278127193451,-0.010230891406536102
-1.0293700695037842,-0.010737266391515732,-2.3615424633026123,0.006213068962097168,-0.9702177047729492,-0.004280567169189453,-0.7876313328742981,-0.0032767425291240215,-2.5348730087280273,0.021700158715248108,-1.3542002439498901,-0.019325561821460724,-0.7856252193450928,0.020650118589401245,-2.5994784832000732,0.007178081199526787,-1.337990641593933,0.011931538581848145,-1.0709224939346313,-0.012742899358272552,-2.3697047233581543,0.010095968842506409,-0.9556662440299988,-0.0024800687097012997,-0.016391515731811523,-0.01254301704466343,0.011223562061786652,-0.009529449045658112
